product_key,name,slug,category_slug,part_brand_slug,product_type,short_description,description,attr:material,attr:brand,attr:usage-application,attr:laser-type,attr:color,attr:country-of-origin,attr:application,attr:focal-length,attr:diameter,attr:lens-type,attr:laser-wavelength,attr:shape,attr:power-handling,attr:coating,attr:type,attr:packaging-type,attr:marking-speed-capacity,attr:nozzle-diameter,attr:size,attr:model-name-number,attr:design-method,attr:height,attr:marking-depth,attr:corrosion-resistance,attr:marking-speed,attr:thickness,attr:assist-gas,attr:mount-type,attr:outer-diameter,attr:max-laser-power,attr:cooling-method,attr:nozzle-type,attr:ring-type,attr:process-type,attr:laser-power,attr:uses,attr:inner-diameter,attr:collimation-lens,attr:surface-finish,attr:pack-size,attr:offering-laser,attr:ceramic-material,attr:usage,attr:monitoring,attr:surface-finishing,attr:thread-size,attr:valve-size,attr:mounting-type,attr:part-type,attr:wall-thickness,attr:ring-height,attr:max-service-temp,attr:finish,attr:hardness,attr:copper-grade,attr:tip-type,attr:sterile,attr:bud-color,attr:packing-type,attr:voltage,attr:automation-grade,attr:feature,attr:parts,attr:leak-proof,attr:features,attr:finishing-type,attr:weight,attr:stick-material,attr:stick-length,attr:mounting-interface,attr:frame-material,attr:light-source-type,attr:support-laser-power,attr:max-cutting-thickness,attr:job-work-basis,attr:usage-industry,attr:service-location,attr:frequency,attr:temperature,attr:power,attr:part-number,attr:aperture,attr:form,attr:pack-volume,attr:tissue-type,attr:tissue-material,attr:country-of-origin-2,attr:gender,attr:is-it-reusable,attr:head-material,attr:total-length,attr:handle-material,attr:output-power,attr:cable-conductor,attr:insulation-material,attr:waterproof,attr:bore-size,attr:connection-type,attr:rubber-material,attr:series-no,attr:anode-dissipation,attr:anode-voltage,attr:available-interfaces,attr:cooling,attr:filter-media,attr:construction,attr:medium-material,attr:efficiency,attr:filter-class,attr:filtration-grade,attr:location,attr:production-capacity,attr:series,attr:power-resolution,attr:media,attr:protection-use,attr:fit-type,attr:inner-size,attr:finish-type,attr:beam-emission-shape,attr:ar-coated,attr:service-material,attr:machine-type,attr:operation-type,attr:max-sheet-size,attr:application-industry,attr:material-supply,attr:file-format,attr:pipe-material,attr:max-pipe-diameter,attr:pipe-shape,attr:cutting-type,attr:pipe-length-handling,attr:compressor-type,attr:cooling-capacity,attr:deep-filtration,attr:pressure,attr:max-flow-rate,attr:number-of-stages,attr:mounting,attr:mirror-type,attr:reflectivity,attr:working-temperature,attr:frame-type,attr:lens-material,attr:base-solvent,attr:formulation-type,attr:grade-standard,attr:pattern,attr:use,attr:packaging-size,attr:sheet-size,attr:by-nozzle-double,attr:by-nozzle-hd,attr:torch-model,attr:current-rating,attr:nozzle-bore,attr:consumable-type,attr:torch-type,attr:vehicle-model,attr:size-inch,attr:length,attr:valve,attr:quantity-per-pack,attr:pitch-series,attr:structure,attr:outer-measurement,attr:anti-fog,attr:head-shape,attr:sterility,attr:tip-material,attr:phone-brand,attr:center-wavelength,attr:modulation-type,attr:motor-voltage,attr:motor-current,attr:control-method,attr:feedback-type,attr:input-control-signal,attr:protection-features,attr:braking-type,attr:brand-name,attr:rf-interface,attr:impedance,attr:maximum-frequency,attr:pin-type,attr:mounting-style,attr:power-rating,attr:control-interface,attr:power-supply,attr:cooling-type,attr:communication,attr:tool-type,attr:compatible-power,attr:compatible-brand,attr:nozzle-outlet-size,attr:gas-type,attr:body-material,attr:capacity,attr:max-sheet-thickness,attr:max-bending-length,attr:bending-accuracy,attr:bending-type,attr:material-grade,attr:supported-format,attr:industry-served,attr:service-mode,attr:aperture-range,attr:focus,attr:cleaner-type,attr:lens-type-compatibility,attr:volume
MAZAK-LASER-NOZZLE,Mazak Laser Nozzle,mazak-laser-nozzle,3d-laser-cutting-machine,mazak,SPARE_PART,We can provide mazak laser nozzle at a very economical rate all across india for laser cutting machines,We can provide mazak laser nozzle at a very economical rate all across india for laser cutting machines,copper,Mazak,laser cutting,CO2,,,,,,,,,,,,,5000 mm/s,14mm,,,,,,,,,,,,,,,,,,,,,,,,,,,,,,,,,,,,,,,,,,,,,,,,,,,,,,,,,,,,,,,,,,,,,,,,,,,,,,,,,,,,,,,,,,,,,,,,,,,,,,,,,,,,,,,,,,,,,,,,,,,,,,,,,,,,,,,,,,,,,,,,,,,,,,,,,,,,,,,,,,,,,,,,,,,,,,,,,,,,,,,,,,,,,,,,,,
ZAP-IT-LASER-ALIGNMENT-PAPER,Zap IT Laser Alignment Paper,zap-it-laser-alignment-paper,alignment-paper,zap-it,SPARE_PART,"ZAP-IT® Laser Alignment Paper, thermal-sensitive from ultraviolet to infrared; applications include laser beam alignment, beam profiling, and component positioning.","ZAP-IT® Laser Alignment Paper, thermal-sensitive from ultraviolet to infrared; applications include laser beam alignment, beam profiling, and component positioning. Range of operation – pulse width: 1ns to 30ms; power level: 5 mJ/cm² to 20 J/cm². Sheet size: 4 x 8 inches [101.6 x 203.2mm]. Available in packages containing 10, 20, 50 or 100 sheets.",,ZAP IT,,Fiber Laser,,Made in India,Industrial use,,,,,,,,,,,,,,,,,,,,,,,,,,,,,,,,,,,,,,,,,,,,,,,,,,,,,,,,Controllers,,,,,,,,,,,,,,,,,,,,,,,,,,,,,,,,,,,,,,,,,,,,,,,,,,,,,,,,,,,,,,,,,,,,,,,,,,,,,,,,,,,,,,,,,,,,,,,,,,,,,,,,,,,,,,,,,,,,,,,,,,,,,,,,,,,,,,,,,,,,,,,,,,,,,
LASER-MACHINE-BELLOW-COVER,Laser Machine Bellow Cover,laser-machine-bellow-cover,bellow-cover,,SPARE_PART,We can provide Laser Machine Bellow Cover at a very economical rate all across india for laser cutting machines,We can provide Laser Machine Bellow Cover at a very economical rate all across india for laser cutting machines,Nylon,,Industrial,,Black,,,,,,,,,,,Box,,,As per required,,,,,,,,,,,,,,,,,,,,,,,,,,,,,,,,,,,,,,,,,,,,,yes,,,,,,,,,,,,,,,,,,,,,,,,,,,,,,,,Yes,,,,,,,,,,,,,,,,,,,,,,,,,,,,,,,,,,,,,,,,,,,,,,,,,,,,,,,,,,,,,,,,,,,,,,,,,,,,,,,,,,,,,,,,,,,,,,,,,,,,,,,,,,,,,,,,,,,,
LASER-CUTTING-MACHINE-BELLOW,Laser Cutting Machine Bellow,laser-cutting-machine-bellow,bellow-cover,,SPARE_PART,We can provide Laser cutting machine bellow at a very economical rate all across india for laser cutting machines,We can provide Laser cutting machine bellow at a very economical rate all across india for laser cutting machines,Nylon,,Industrial,,Black,,,,,,,As per required,,,,,,,Custom made,,,,,,,,,,,,,,,,,,,,,,,,,,,,,,,,,,,,,,,,,,,,,Yes,Cutting material : Mild steel,,,,,,,,,,,,,,,,,,,,,,,,,,,,,,,,,,,,,,,,,,,,,,,,,,,,,,,,,,,,,,,,,,,,,,,,,,,,,,,,,,,,,,,,,,,,,,,,,,,,,,,,,,,,,,,,,,,,,,,,,,,,,,,,,,,,,,,,,,,,,,,,,,,
1662197-BELLOWS-FOLDING,1662197 BELLOWS FOLDING,1662197-bellows-folding,bellow-cover,,SPARE_PART,"Magnetic folding bellows for Trulaser cell 5030,7020,7040,8030 Laser cutting model.The 1662197 Bellows Folding is a specific, high-quality, square, rubber/fabric protective cover (bellows) for TRUMPF laser cutting machines (like Trulaser Cell 5030/7020/8030), designed to shield internal components (spindles, shafts) from dust, sparks, and coolant, ensuring smooth, long-lasting machine performance, often made from heat-resistant, flame-retardant materials for demanding industr","Magnetic folding bellows for Trulaser cell 5030,7020,7040,8030 Laser cutting model.The 1662197 Bellows Folding is a specific, high-quality, square, rubber/fabric protective cover (bellows) for TRUMPF laser cutting machines (like Trulaser Cell 5030/7020/8030), designed to shield internal components (spindles, shafts) from dust, sparks, and coolant, ensuring smooth, long-lasting machine performance, often made from heat-resistant, flame-retardant materials for demanding industrial environments.",Stainless Steel,,,,Black,Made in India,,,,,,C - Type,,,,,,,,,,,,,,,,,,,,,,,,,,,,,,,,,,,,,,,,,,,,,,,,,,,,,,,,,,,,,,,,,,,,,,,,,,,,,,,,,,,,,25 mm,Flanged,Neoprene,,,,,,,,,,,,,,,,,,,,,,,,,,,,,,,,,,,,,,,,,,,,,,,,,,,,,,,,,,,,,,,,,,,,,,,,,,,,,,,,,,,,,,,,,,,,,,,,,,,,,,,,,,,,,,,,,
PRECITEC-CERAMIC-HOLDER,Precitec Ceramic Holder,precitec-ceramic-holder,ceramic-holder,precitec,SPARE_PART,We can provide the CO2 Precitec ceramic holder at a very economical rate all across india for laser cutting machines,We can provide the CO2 Precitec ceramic holder at a very economical rate all across india for laser cutting machines,Alloy Steel and Ceramic,Precitec,Laser cutting,CO2,,,Laser Cutting,,28mm,,,,,,,,,,,,,,11.7 mm,Yes,,,,,,,,,,,,,,,,,,,,,,,,,Protective Window,,,,,,,,,,,,,,,,,,,,,,,,,,,,,,,,,,,,,,,,,,,,,,,,,,,,,,,,,,,,,,,,,,,,,,,,,,,,,,,,,,,,,,,,,,,,,,,,,,,,,,,,,,,,,,,,,,,,,,,,,,,,,,,,,,,,,,,,,,,,,,,,,,,,,,,,,,,,,,,,,,,
8MM-CERAMIC-HOLDER,8mm Ceramic Holder,8mm-ceramic-holder,ceramic-holder,trumpf,SPARE_PART,"Original nozzle holders guarantee a constant distance between the nozzle and sheet and, together with the nozzle and distance sensor system, ensure optimum cutting results.","Original nozzle holders guarantee a constant distance between the nozzle and sheet and, together with the nozzle and distance sensor system, ensure optimum cutting results.

High-quality raw materials for correct distance regulation and consistent focus position
Long service life due to precise joining process for ceramic and thread insert
Full use of nozzle changer functionality possible when using Genuine parts",Ceramic,TRUMPF,Nozzle Holder,,White,,,,,,,,,,,,,,3 inch,,,,,,,,,,,,,,,,,,,,,,,,,,,,,,,8 mm,,,,,,,,,,,,,,,,Gloss Finishing,,,,,,,,,,,,,,,,,,,,,,,,,,,,,,,,,,,,,,,,,,,,,,,,,,,,,,,,,,,,,,,,,,,,,,,,,,,,,,,,,,,,,,,,,,,,,,,,,,,,,,,,,,,,,,,,,,,,,,,,,,,,,,,,,,,,,,,,,,,,,,,,,,
D32-RAYTOOL-CERAMIC-RING,D32 Raytool Ceramic Ring,d32-raytool-ceramic-ring,ceramic-rings,raytool,SPARE_PART,,,Metal,Raytool,Interior Decor,,,Made in India,,,10 mm,,,,,,,,,,,,Hand Building,,,,,,,,,,,,,,,,,,,,,,,,,,,,,,,,,,,,,,,,,,,,,,,,,,,,,,,,,,,,,,,,,,,,,,,,,,,,,,,,,,,,,,,,,,,,,,,,,,,,,,,,,,,,,,,,,,,,,,,,,,,,,,,,,,,,,,,,,,,,,,,,,,,,,,,,,,,,,,,,,,,,,,,,,,,,,,,,,,,,,,,,,,,,,,,
OSPRI-DIA-28-CERAMIC-RING,Ospri Dia 28 Ceramic Ring,ospri-dia-28-ceramic-ring,ceramic-rings,raytools,SPARE_PART,,,,Raytools,Exterior Decor,,,Made in India,,,10 mm,,,,,,,,,,,,Wheel Throwing,,,,,,,,,,,,,,,,,,,,,,,,,,,,,,,,,,,,,,,,,,,,,,,,,,,,,,,,,,,,,,,,,,,,,,,,,,,,,,,,,,,,,,,,,,,,,,,,,,,,,,,,,,,,,,,,,,,,,,,,,,,,,,,,,,,,,,,,,,,,,,,,,,,,,,,,,,,,,,,,,,,,,,,,,,,,,,,,,,,,,,,,,,,,,,,
BOCI-PIPE-CUTTING-TUBE-CUTTING-CERAMIC-RING,Boci Pipe Cutting Tube Cutting Ceramic Ring,boci-pipe-cutting-tube-cutting-ceramic-ring,ceramic-rings,boci,SPARE_PART,,,,BOCI,Promotional Use,,White,,,,10 mm,,,Round,,,,,,,,,Wheel Throwing,,,,,,,,,,,,,,,,,,,,,,,,,,,,,,,,,,,,,,,,,,,,,,,,,,,,,,,,,,,,,,,,,,,,,,,,,,,,,,,,,,,,,,,,,,,,,,,,,,,,,,,,,,,,,,,,,,,,,,,,,,,,,,,,,,,,,,,,,,,,,,,,,,,,,,,,,,,,,,,,,,,,,,,,,,,,,,,,,,,,,,,,,,,,,,,
BS12K-RAYTOOLS-CERAMIC-RING,BS12k Raytools Ceramic Ring,bs12k-raytools-ceramic-ring,ceramic-rings,raytools,SPARE_PART,,,,Raytools,Exterior Decor,,,Made in India,,,10 mm,,,,,,,,,,,,Wheel Throwing,,,,,,,,,,,,,,,,,,,,,,,,,,,,,,,,,,,,,,,,,,,,,,,,,,,,,,,,,,,,,,,,,,,,,,,,,,,,,,,,,,,,,,,,,,,,,,,,,,,,,,,,,,,,,,,,,,,,,,,,,,,,,,,,,,,,,,,,,,,,,,,,,,,,,,,,,,,,,,,,,,,,,,,,,,,,,,,,,,,,,,,,,,,,,,,
10MM-BOCI-CERAMIC-RING,10mm Boci Ceramic Ring,10mm-boci-ceramic-ring,ceramic-rings,boci,SPARE_PART,,,,BOCI,Exterior Decor,,,Made in India,,,10 mm,,,,,,,,,,,,Wheel Throwing,,,,,,,,,,,,,,,,,,,,,,,,,,,,,,,,,,,,,,,,,,,,,,,,,,,,,,,,,,,,,,,,,,,,,,,,,,,,,,,,,,,,,,,,,,,,,,,,,,,,,,,,,,,,,,,,,,,,,,,,,,,,,,,,,,,,,,,,,,,,,,,,,,,,,,,,,,,,,,,,,,,,,,,,,,,,,,,,,,,,,,,,,,,,,,,
RAYTOOL-3D-CERAMIC-RING,Raytool 3D Ceramic Ring,raytool-3d-ceramic-ring,ceramic-rings,boci,SPARE_PART,,,,BOCI,Promotional Use,,White,,,,10 mm,,,Round,,,,,,,,,Wheel Throwing,,,,,,,,,,,,,,,,,,,,,,,,,,,,,,,,,,,,,,,,,,,,,,,,,,,,,,,,,,,,,,,,,,,,,,,,,,,,,,,,,,,,,,,,,,,,,,,,,,,,,,,,,,,,,,,,,,,,,,,,,,,,,,,,,,,,,,,,,,,,,,,,,,,,,,,,,,,,,,,,,,,,,,,,,,,,,,,,,,,,,,,,,,,,,,,
RAYTOOL-3D-CERAMIC-RING-2,Raytool 3D Ceramic Ring,raytool-3d-ceramic-ring-2,ceramic-rings,raytools,SPARE_PART,,,,Raytools,Interior Decor,,,Made in India,,,10 mm,,,,,,,,,,,,Wheel Throwing,,,,,,,,,,,,,,,,,,,,,,,,,,,,,,,,,,,,,,,,,,,,,,,,,,,,,,,,,,,,,,,,,,,,,,,,,,,,,,,,,,,,,,,,,,,,,,,,,,,,,,,,,,,,,,,,,,,,,,,,,,,,,,,,,,,,,,,,,,,,,,,,,,,,,,,,,,,,,,,,,,,,,,,,,,,,,,,,,,,,,,,,,,,,,,,
DIA-28-CERAMIC-RING,Dia 28 Ceramic Ring,dia-28-ceramic-ring,ceramic-rings,,SPARE_PART,,,,,,,White,,Mechanical Seal,,,,,,,,,,,,,,,,,,,,,,10 mm,,,,Raschig Ring,,,,5 mm,,As Fired,,,Alumina,,,,,,,,,10 mm,800°C,,,,,,,,,,,,,,,,,,,,,,,,,,,,,,,,,,,,,,,,,,,,,,,,,,,,,,,,,,,,,,,,,,,,,,,,,,,,,,,,,,,,,,,,,,,,,,,,,,,,,,,,,,,,,,,,,,,,,,,,,,,,,,,,,,,,,,,,,,,,,,,,,,,,,,,,,,,,,,,,
DIA-32-CERAMIC-RING-RAYTOOLS,Dia 32 Ceramic Ring Raytools,dia-32-ceramic-ring-raytools,ceramic-rings,,SPARE_PART,,,,,,,White,,Mechanical Seal,,,,,,,,,,,,,,,,,,,,,,10 mm,,,,Raschig Ring,,,,5 mm,,As Fired,,,Alumina,,,,,,,,,10 mm,800°C,,,,,,,,,,,,,,,,,,,,,,,,,,,,,,,,,,,,,,,,,,,,,,,,,,,,,,,,,,,,,,,,,,,,,,,,,,,,,,,,,,,,,,,,,,,,,,,,,,,,,,,,,,,,,,,,,,,,,,,,,,,,,,,,,,,,,,,,,,,,,,,,,,,,,,,,,,,,,,,,
21-4-RAYTOOL-3D-CERAMIC-RING,21.4 Raytool 3D Ceramic Ring,21-4-raytool-3d-ceramic-ring,ceramic-rings,,SPARE_PART,,,,,,,White,,Mechanical Seal,,,,,,,,,,,,,,,,,,,,,,10 mm,,,,Seal Ring,,,,5 mm,,As Fired,,,Alumina,,,,,,,,,10 mm,800°C,,,,,,,,,,,,,,,,,,,,,,,,,,,,,,,,,,,,,,,,,,,,,,,,,,,,,,,,,,,,,,,,,,,,,,,,,,,,,,,,,,,,,,,,,,,,,,,,,,,,,,,,,,,,,,,,,,,,,,,,,,,,,,,,,,,,,,,,,,,,,,,,,,,,,,,,,,,,,,,,
PRECITEC-PROCUTTER-CERAMIC-RING,Precitec Procutter Ceramic Ring,precitec-procutter-ceramic-ring,ceramic-rings,boci,SPARE_PART,,,,BOCI,Exterior Decor,,,,,,10 mm,,,,,,,,,,,,Hand Building,,,,,,,,10 mm,,,,Raschig Ring,,,,,,,,,Alumina,,,,,,,,,,,,,,,,,,,,,,,,,,,,,,,,,,,,,,,,,,,,,,,,,,,,,,,,,,,,,,,,,,,,,,,,,,,,,,,,,,,,,,,,,,,,,,,,,,,,,,,,,,,,,,,,,,,,,,,,,,,,,,,,,,,,,,,,,,,,,,,,,,,,,,,,,,,,,,,,,,,,,,,,,,
I-2700-DNE-AIR-OUTLET-RING,I 2700 DNE Air Outlet Ring,i-2700-dne-air-outlet-ring,ceramic-rings,raytools,SPARE_PART,,,,Raytools,Exterior Decor,,,,,,10 mm,,,Round,,,,,,,,,Wheel Throwing,,,,,,,,,,,,,,,,,,,,,,,,,,,,,,,,,,,,,,,,,,,,,,2 kg,,,,,,,,,,,,,,,,,,,,,,,,,,,,,,,,,,,,,,,,,,,,,,,,,,,,,,,,,,,,,,,,,,,,,,,,,,,,,,,,,,,,,,,,,,,,,,,,,,,,,,,,,,,,,,,,,,,,,,,,,,,,,,,,,,,,,,,,,,,,,,,,,
I-3502-DNE-AIR-OUTLET-RING,I 3502 DNE Air Outlet Ring,i-3502-dne-air-outlet-ring,ceramic-rings,raytools,SPARE_PART,,,,Raytools,Exterior Decor,,,Made in India,,,10 mm,,,,,,,DNE Air Outlet Ring I 3502,,,,,Wheel Throwing,,,,,,,,,,,,,,,,,,,,,,,,,,,,,,,,,,,,,,,,,,,,,,,,,,,,,,,,,,,,,,,,,,,,,,,,,,,,,,,,,,,,,,,,,,,,,,,,,,,,,,,,,,,,,,,,,,,,,,,,,,,,,,,,,,,,,,,,,,,,,,,,,,,,,,,,,,,,,,,,,,,,,,,,,,,,,,,,,,,,,,,,,,,,,,,
RAYTOOLS-CERAMIC-LOCK-RING,RayTools Ceramic Lock Ring,raytools-ceramic-lock-ring,ceramic-rings,raytools,SPARE_PART,"A RayTools Ceramic Lock Ring is a high-temperature, wear-resistant component made from ceramic materials like alumina or zirconia, designed to protect fiber laser cutting heads by insulating against thermal stress, ensuring alignment, and minimizing damage during cutting operations.","A RayTools Ceramic Lock Ring is a high-temperature, wear-resistant component made from ceramic materials like alumina or zirconia, designed to protect fiber laser cutting heads by insulating against thermal stress, ensuring alignment, and minimizing damage during cutting operations. These precision-engineered rings enhance cutting performance and extend the lifespan of laser heads by reducing wear and tear on components like the lens.",MS,Raytools,Laser cuting Machine,,,Made in India,,,10 mm,,,,,,,,,,,,,,,,,,,,,,,,,,,,,,,,,,,,,,,,,,,,,,,,,,,,,,,,,,,,,,,,,,,,,,,,,,,,,,,,,,,,,,,,,,,WSX NC63,,,,,,,,,,,,,,,,,,,,,,,,,,,,,,,,,,,,,,,,,,,,,,,,,,,,,,,,,,,,,,,,,,,,,,,,,,,,,,,,,,,,,,,,,,,,,,,,,,,,,,,,,,,,,,,,
I-3502-DNE-CERAMIC-RING,I 3502 DNE Ceramic Ring,i-3502-dne-ceramic-ring,ceramic-rings,raytools,SPARE_PART,,,Brass,Raytools,Exterior Decor,,,Made in India,,,10 mm,,,,,,,,,,,,Wheel Throwing,,,,,,,,,,,,,,,,,,,,,,,,,,,,,,,,,,,,,,,,,,,,,,,,,,,,,,,,,,,,,,,,,,,,,,,,,,,,,,,,,,,,,,,,,,,,,,,,,,,,,,,,,,,,,,,,,,,,,,,,,,,,,,,,,,,,,,,,,,,,,,,,,,,,,,,,,,,,,,,,,,,,,,,,,,,,,,,,,,,,,,,,,,,,,,,
OSPRI-LC608-COLLIMATION-LENS,OSPRI LC608 Collimation Lens,ospri-lc608-collimation-lens,collimation-lens,raytools,SPARE_PART,,,,Raytools,,OSPRI LC608,,Made in India,,,,,,,,,,,,,,,,,,,6000 mm/s,,,,,,,,,,,,,,,,,,,,,,,,,,,,,,,,,,,,,,Controllers,,,,,,,,,,,,,,,,,,,,,,,,,,,,,,,,,,,,,,,,,,,,,,,,,,,,,,,,,,,,,,,,,,,,,,,,,,,,,,,,,,,,,,,,,,,,,,,,,,,,,,,,,,,,,,,,,,,,,,,,,,,,,,,,,,,,,,,,,,,,,,,,,,,,,
OSPRI-LC218-COLLIMATION-LENS,OSPRI LC218 Collimation Lens,ospri-lc218-collimation-lens,collimation-lens,,SPARE_PART,,,Fused Silica,,,CO2,,,Cutting,50 mm,,Plano Convex,355 nm,,<50 W,AR 355 nm,,,,,,,,,,,,,,,,,,,,,,,,,,,,,,,,,,,,,,,,,,,,,,,,,,,,,,,,,,,,,,,,,,,,,,,,,,,,,,,,,,,,,,,,,,,,,,,,,,,,,,,,,,,,,,,,,,,,,,,,,,,,,,,,,,,,,,,,,,,,,,,,,,,,,,,,,,,,,,,,,,,,,,,,,,,,,,,,,,,,,,,,,,,,,,,,,,,,,,
LASER-LENS-CLEANING-STICK,Laser Lens Cleaning Stick,laser-lens-cleaning-stick,contact-lens-cleaners,,SPARE_PART,,,,,Laser lens,,Green,Made in India,,,,,,,,,,Pouch,,,standard size,,,,,,,,,,,,,,,,,,,,,,,,,,,,,,,,,,,,,,,,,,,,,,,,,,,,,,,,,,,,,,,,,,,,,,,,,,,,,,,,,,,,,,,,,,,,,,,,,,,,,,,,,,,,,,,,,,,,,,,,,,,,,,,,,,,,,,,,,,,,,,,,,,,,,,,,,,,,,,,,,,,,,,,,,,,,,,,,,,,,,,,,,,,,,,,,,
DNE-COPPER-RING,DNE Copper Ring,dne-copper-ring,copper-rings,,SPARE_PART,,,,,,,,,,,,,,,,,,,,,,,,,,,,1 mm,,,10 mm,,,,Flat Copper Ring,,,,4 mm,,,,,,,,,,,,,,,,Bare Copper,Soft,ETP Copper,,,,,,,,,,,,,,,,,,,,,,,,,,,,,,,,,,,,,,,,,,,,,,,,,,,,,,,,,,,,,,,,,,,,,,,,,,,,,,,,,,,,,,,,,,,,,,,,,,,,,,,,,,,,,,,,,,,,,,,,,,,,,,,,,,,,,,,,,,,,,,,,,,,,,,,,,,,,,
COTTON-SWAB-LARGE-L-121MM,Cotton Swab - Large - L - 121mm,cotton-swab-large-l-121mm,cotton-swabs,,SPARE_PART,,,,,,,,,,,,,,,,,,Box,,,,,,,,,,,,,,,,,,,,,,,,50 Sticks,,,,,,,,,,,,,,,,Single Tip,Non Sterile,Blue,,,,,,,,,,Plastic,7 cm,,,,,,,,,,,,,,,,,,,,,,,,,,,,,,,,,,,,,,,,,,,,,,,,,,,,,,,,,,,,,,,,,,,,,,,,,,,,,,,,,,,,,,,,,,,,,,,,,,,,,,,,,,,,,,,,,,,,,,,,,,,,,,,,,,,,,,,,,,,,,,,
COTTON-SWAB-SMALL-L-70-MM,Cotton Swab - Small - L - 70 Mm,cotton-swab-small-l-70-mm,cotton-swabs,,SPARE_PART,,,,,,,,,,,,,,,,,,Box,,,,,,,,,,,,,,,,,,,,,,,,50 Sticks,,,Laser cleaning,,,,,,,,,,,,,Single Tip,Non Sterile,White,,,,,,,,,,Plastic,,,,,,,,,,,,,,,,,,,,,,,,,,,,,,,,,,,,,,,,,,,,,,,,,,,,,,,,,,,,,,,,,,,,,,,,,,,,,,,,,,,,,,,,,,,,,,,,,,,,,,,,,,,,,,,,,,,,,,,,,,,,,,,,,,,,,,,,,,,,,,,,
COTTON-SWAB-MEDIUM-L-100MM,Cotton Swab - Medium - L - 100mm,cotton-swab-medium-l-100mm,cotton-swabs,,SPARE_PART,,,,,,,,,,,,,,,,,,Box,,,,,,,,,,,,,,,,,,,,,,,,50 Sticks,,,,,,,,,,,,,,,,Single Tip,Non Sterile,Blue,,,,,,,,,,,7 cm,,,,,,,,,,,,,,,,,,,,,,,,,,,,,,,,,,,,,,,,,,,,,,,,,,,,,,,,,,,,,,,,,,,,,,,,,,,,,,,,,,,,,,,,,,,,,,,,,,,,,,,,,,,,,,,,,,,,,,,,,,,,,,,,,,,,,,,,,,,,,,,
RAYTOOLS-FIBER-LASER-CUTTING-HEAD,RayTools Fiber Laser Cutting Head,raytools-fiber-laser-cutting-head,cutting-head,,SPARE_PART,,,,,,Fiber Laser,,,,100 mm,,,,,,,,,,,,,,,,,,,Oxygen,,,1 kW,Water Cooled,Single Nozzle,,Welding,,,,Yes,,,,,,,,,,,,,,,,,,,,,,,,,,,,,,,,,,,,,,,,,,,,,,,,,,,,,,,,,,,,,,,,,,,,,,,,,,,,,,,,,,,,,,,,,,,,,,,,,,,,,,,,,,,,,,,,,,,,,,,,,,,,,,,,,,,,,,,,,,,,,,,,,,,,,,,,,,,,,,,,,,,,,,,,,,,,,,
BOCI-BLT421S-CUTTING-HEAD,BOCI BLT421s Cutting Head,boci-blt421s-cutting-head,cutting-head,,SPARE_PART,,,,,,Fiber Laser,,,,100 mm,,,,,,,,,,,,,,,,,,,Oxygen,,,15 kW,Water Cooled,Single Nozzle,,Cutting,,,,Yes,,,,,,Height Sensing,,,,,,,,,,,,,,,,,,,,,,,,,,Trumpf,,,,,,,,,,,,,,,,,,,,,,,,,,,,,,,,,,,,,,,,,,,,,,,,,,,,,,,,,,,,,,,,,,,,,,,,,,,,,,,,,,,,,,,,,,,,,,,,,,,,,,,,,,,,,,,,,,,,,,,,,,,,,,,,,,,,,,,,,,,,,,
RAYTOOLS-BM111-CUTTING-HEAD,Raytools BM111 Cutting Head,raytools-bm111-cutting-head,cutting-head,,SPARE_PART,,,,,,Fiber Laser,,,,100 mm,,,,,,,,,,,,,,,,,,,Oxygen,,,1 kW,Air Cooled,Single Nozzle,,Cutting,,,,,,,,,,,,,,,,,,,,,,,,,,,,,,,,,,,,,,,,,,,,,,,,,,,,,,,,,,,,,,,,,,,,,,,,,,,,,,,,,,,,,,,,,,,,,,,,,,,,,,,,,,,,,,,,,,,,,,,,,,,,,,,,,,,,,,,,,,,,,,,,,,,,,,,,,,,,,,,,,,,,,,,,,,,,,,,,,,
RAYTOOLS-BM109-CUTTING-HEAD,Raytools BM109 Cutting Head,raytools-bm109-cutting-head,cutting-head,,SPARE_PART,,,,,,Fiber Laser,,,,100 mm,,,,,,,,,,,,,,,,,,,"Nitrogen, Oxygen, Air",,,1 kW,Water Cooled,Single Nozzle,,Cutting,,,,Yes,,,,,,Height Sensing,,,,,,,,,,,,,,,,,,,,,,,,,,Trumpf,,,,,,,,,,,,,,,,,,,,,,,,,,,,,,,,,,,,,,,,,,,,,,,,,,,,,,,,,,,,,,,,,,,,,,,,,,,,,,,,,,,,,,,,,,,,,,,,,,,,,,,,,,,,,,,,,,,,,,,,,,,,,,,,,,,,,,,,,,,,,,
BOCI-BLT310-LASER-PROCESS-CUTTING-HEAD,BOCI BLT310 Laser Process Cutting Head,boci-blt310-laser-process-cutting-head,cutting-head,,SPARE_PART,,,,,,Fiber Laser,,,,100 mm,,,,,,,,,,,,,,,,,,,Oxygen,,,1 kW,Water Cooled,Single Nozzle,,Cutting,,,,Yes,,,,,,,,,,,,,,,,,,,,,,,,,,,,,,,,,,,,,,,,,,,,,,,,,,,,,,,,,,,,,,,,,,,,,,,,,,,,,,,,,,,,,,,,,,,,,,,,,,,,,,,,,,,,,,,,,,,,,,,,,,,,,,,,,,,,,,,,,,,,,,,,,,,,,,,,,,,,,,,,,,,,,,,,,,,,,,
RAYTOOLS-BM110-CUTTING-HEAD,Raytools BM110 Cutting Head,raytools-bm110-cutting-head,cutting-head,,SPARE_PART,,,,,,CO2 Laser,,,,100 mm,,,,,,,,,,,,,,,,,,,Oxygen,,,1 kW,Water Cooled,Single Nozzle,,,,,,Yes,,,,,,,,,,,,,,,,,,,,,,,,,,,,,,,,,,,,,,,,,,,,,,,,,,,,,,,,,,,,,,,,,,,,,,,,,,,,,,,,,,,,,,,,,,,,,,,,,,,,,,,,,,,,,,,,,,,,,,,,,,,,,,,,,,,,,,,,,,,,,,,,,,,,,,,,,,,,,,,,,,,,,,,,,,,,,,
RAYTOOLS-BM114-CUTTING-HEAD,Raytools BM114 Cutting Head,raytools-bm114-cutting-head,cutting-head,,SPARE_PART,,,,,,Fiber Laser,,,,100 mm,,,,,,,,,,,,,,,,,,,Nitrogen,,,1 kW,Water Cooled,Single Nozzle,,Cutting,,,,,,,,,,,,,,,,,,,,,,,,,,,,,,,,,,,,,,,,,,,,,,,,,,,,,,,,,,,,,,,,,,,,,,,,,,,,,,,,,,,,,,,,,,,,,,,,,,,,,,,,,,,,,,,,,,,,,,,,,,,,,,,,,,,,,,,,,,,,,,,,,,,,,,,,,,,,,,,,,,,,,,,,,,,,,,,,,,
RAYTOOLS-BM06K-CUTTING-HEAD,Raytools BM06K Cutting Head,raytools-bm06k-cutting-head,cutting-head,,SPARE_PART,,,,,,Fiber Laser,,,,100 mm,,,,,,,,,,,,,,,,,,,Oxygen,,,2 kW,Water Cooled,Single Nozzle,,Cutting,,,,Yes,,,,,,Height Sensing,,,,,,,,,,,,,,,,,,,,,,,,,,,,,,,,,,,,,,,,,,,,,,,,,,,,,,,,,,,,,,,,,,,,,,,,,,,,,,,,,,,,,,,,,,,,,,,,,,,,,,,,,,,,,,,,,,,,,,,,,,,,,,,,,,,,,,,,,,,,,,,,,,,,,,,,,,,,,,,,,,,,,,,,
RF-POWER-TRIODE,Rf Power Triode,rf-power-triode,electron-triode-tube,,SPARE_PART,We can provide the Rf Power Triode at a very economical rate all across india for laser cutting machines,We can provide the Rf Power Triode at a very economical rate all across india for laser cutting machines,,,,,,Made in India,,,,,,,,,,,,,,,,,,,,,,,,,,,,,,,,,,,,,,,,,,,,,,,,,,,,,,,,,,,,,,,,,,,,,,,,,,,,,,,,,,,,,,,,,,,,,,,20KW,14KV,Frequency upto 120Mhz,Air cooled tube,,,,,,,,,,,,,,,,,,,,,,,,,,,,,,,,,,,,,,,,,,,,,,,,,,,,,,,,,,,,,,,,,,,,,,,,,,,,,,,,,,,,,,,,,,,,,,,,,,,,,,,,,,,,
FESTO-AIR-FILTER,Festo Air Filter,festo-air-filter,festo-filters,,SPARE_PART,,,,,,,,Made in India,,,,,,,,,,,,,,,,,,,,,,,,,,,,,,,,,,,,,,,,,,,,,,,,,,,,,,,,,,,,,,,,,GI,,,,,,,,,,,,,,,,,,,,,,,,,,,,,,,,,,Synthetic Fiber,Panel Filter,"Active Carbon, Synthetic Fiber, Microfiber",High,Pre Filter,Hepa Filter,,,,,,,,,,,,,,,,,,,,,,,,,,,,,,,,,,,,,,,,,,,,,,,,,,,,,,,,,,,,,,,,,,,,,,,,,,,,,,,,,,,,,,,,,,,,,,,,,,,,,,
FIBER-LASER-PROTECTIVE-WINDOW,Fiber Laser Protective Window,fiber-laser-protective-window,fiber-metal-laser-cutting-machine,ii-iv,SPARE_PART,,,Fused Silica,II IV,as per requirement,co2 & fiber,,,,,40mm,,,,,,,,8000 mm/s,,,,,,,,,,,,,,,,,,,,,,,,Hdpe Pipes,,,,,,,,,,,,,,,,,,,,,,,,,,,,,,,,,,,,,,,,,,,,,,,,,,,,,,,,,,,,,,,,,,,,,,,as per requirement,,,,,,,,,,,,,,,,,,,,,,,,,,,,,,,,,,,,,,,,,,,,,,,,,,,,,,,,,,,,,,,,,,,,,,,,,,,,,,,,,,,,,,,,,,,,,,,,,,,,
LASER-PROTECTION-WINDOW,Laser Protection Window,laser-protection-window,fiber-metal-laser-cutting-machine,trumpf,SPARE_PART,We can provide Laser Protection window at a very economical rate all across india for laser lenses of cutting machines,We can provide Laser Protection window at a very economical rate all across india for laser lenses of  cutting machines,Fused silica,Trumpf,laser cutting,Fiber Laser,,,,,34mm,,,,,,,,,,,,,,,,6000 mm/s,,,,,,,,,,,,,,,,,,,,,,,,,,,,,,,,,,,,,,,,,,,,,,,,,,,,,,,,,,,,,,,,,,,,,,,,,,,,,,,,,,,,,,,,,,,,,,,,,,,,,,,,,,,,,,,,,,,,,,,,,,,,,,,,,,,,,,,,,,,,,,,,,,,,,,,,,,,,,,,,,,,,,,,,,,,,,,,,,,,,,,,,,,,
RAYTOOLS-FOCUS-COLLIMATOR-LENS-FOCUS-LENSES,RayTools Focus Collimator Lens Focus Lenses,raytools-focus-collimator-lens-focus-lenses,focus-lenses,,SPARE_PART,,,Fused Silica,,,,,,Cutting,50 mm,,Plano Convex,532 nm,,<50 W,AR 532 nm,,,,,,,,,,,,,,With Mount,,,,,,,,,,,,,,,,,,,,,,,,,,,,,,,,,,,,,,,,,,,,,,,,,,,,,,,,,,,,,,,,,,,,,,,,,,,,,,,,,,,,,,,,,,,,,,,,,,,,,,,,,,,,,,,,,,,,,,,,,,,,,,,,,,,,,,,,,,,,,,,,,,,,,,,,,,,,,,,,,,,,,,,,,,,,,,,,,,,,,,,,
RAYTOOLS-ORIGINAL-COLLIMATOR-FOCUS-LENSES,RayTools Original Collimator Focus Lenses,raytools-original-collimator-focus-lenses,focus-lenses,raytools,SPARE_PART,,,Fused Silica,Raytools,Laser Lens,,,Made in India,,50 mm,,,532 nm,,,,,,,,,,,,,,,,,,,,,,,,,,,,,,,,,,,,,,,,,,,,,,,,,,,,,,,,,,,,,,,,,,,,,,,,,,,,,,,,,,,,,,,,,,,,,,,,,,,,,,Rayrools BM 109,,,,,,,,,,,,,,,,,,,,,,,,,,,,,,,,,,,,,,,,,,,,,,,,,,,,,,,,,,,,,,,,,,,,,,,,,,,,,,,,,,,,,,,,,,,,,,,,,,,
RAYTOOL-BM110-FUSED-SILICA-FOCUS-LENSES,Raytool BM110 Fused Silica Focus Lenses,raytool-bm110-fused-silica-focus-lenses,focus-lenses,,SPARE_PART,,,Fused Silica,,,,,,Cutting,400 mm,,Plano Convex,532 nm,,<50 W,AR 532 nm,,,,,,,,,,,,,,,,,,,,,,,,,,,,,,,,,,,,,,,,,,,,,,,,,,,,,,,,,,,,,,,,,,,,,,,,,,,,,,,,,,,,,,,,,,,,,,,,,,,,,,,,,,,,,,,,,,,,,,,,,,,,,,,,,,,,,,,,,,,,,,,,,,,,,,,,,,,,,,,,,,,,,,,,,,,,,,,,,,,,,,,,,,,,,,,,,,,,,,
RAYTOOL-BM109-FUSED-SILICA-FOCUS-LENSES,Raytool BM109 Fused Silica Focus Lenses,raytool-bm109-fused-silica-focus-lenses,focus-lenses,,SPARE_PART,,,Fused Silica,,,,,,Cutting,50 mm,,Plano Convex,532 nm,,>1000 W,AR 532 nm,,,,,,,,,,,,,,With Mount,,,,,,,,,,,,,,,,,,,,,,,,,,,,,,,,,,,,,,,,,,,,,,,,,,,,,,,,,,,,,,,,,,,,,,,,,,,,,,,,,,,,,,,,,,,,,,,,,,,,,,,,,,,,,,,,,,,,,,,,,,,,,,,,,,,,,,,,,,,,,,,,,,,,,,,,,,,,,,,,,,,,,,,,,,,,,,,,,,,,,,,,
RAYTOOL-BM111-FOCUS-LENSES,Raytool BM111 Focus Lenses,raytool-bm111-focus-lenses,focus-lenses,,SPARE_PART,,,Fused Silica,,,,,,Cutting,50 mm,,Plano Convex,532 nm,,<50 W,AR 532 nm,,,,,,,,,,,,,,With Mount,,,,,,,,,,,,,,,,,,,,,,,,,,,,,,,,,,,,,,,,,,,,,,,,,,,,,,,,,,,,,,,,,,,,,,,,,,,,,,,,,,,,,,,,,,,,,,,,,,,,,,,,,,,,,,,,,,,,,,,,,,,,,,,,,,,,,,,,,,,,,,,,,,,,,,,,,,,,,,,,,,,,,,,,,,,,,,,,,,,,,,,,
RAYTOOL-BM114-FUSED-SILICA-FOCUS-LENSES,Raytool BM114 Fused Silica Focus Lenses,raytool-bm114-fused-silica-focus-lenses,focus-lenses,,SPARE_PART,,,Fused Silica,,,,,,Cutting,50 mm,,Plano Convex,532 nm,,<50 W,AR 532 nm,,,,,,,,,,,,,,,,,,,,,,,,,,,,,,,,,,,,,,,,,,,,,,,,,,,,,,,,,,,,,,,,,,,,,,,,,,,,,,,,,,,,,,,,,,,,,,,,,,,,,,,,,,,,,,,,,,,,,,,,,,,,,,,,,,,,,,,,,,,,,,,,,,,,,,,,,,,,,,,,,,,,,,,,,,,,,,,,,,,,,,,,,,,,,,,,,,,,,,
WSX-NC30-COLLIMATING-FOCUS-LENSES,WSX NC30 Collimating Focus Lenses,wsx-nc30-collimating-focus-lenses,focus-lenses,,SPARE_PART,,,Fused Silica,,,,,,Cutting,50 mm,,Plano Convex,532 nm,,<50 W,AR 532 nm,,,,,,,,,,,,,,,,,,,,,,,,,,,,,,,,,,,,,,,,,,,,,,,,,,,,,,,,,,,,,,,,,,,,,,,,,,,,,,,,,,,,,,,,,,,,,,,,,,,,,,,,,,,,,,,,,,,,,,,,,,,,,,,,,,,,,,,,,,,,,,,,,,,,,,,,,,,,,,,,,,,,,,,,,,,,,,,,,,,,,,,,,,,,,,,,,,,,,,
WSX-NC63-COLLIMATION-FOCUS-LENSES,WSX NC63 Collimation Focus Lenses,wsx-nc63-collimation-focus-lenses,focus-lenses,,SPARE_PART,,,Fused Silica,,,,,,Cutting,50 mm,,Plano Convex,532 nm,,<50 W,AR 532 nm,,,,,,,,,,,,,,,,,,,,,,,,,,,,,,,,,,,,,,,,,,,,,,,,,,,,,,,,,,,,,,,,,,,,,,,,,,,,,,,,,,,,,,,,,,,,,,,,,,,,,,,,,,,,,,,,,,,,,,,,,,,,,,,,,,,,,,,,,,,,,,,,,,,,,,,,,,,,,,,,,,,,,,,,,,,,,,,,,,,,,,,,,,,,,,,,,,,,,,
RAYTOOLS-ORIGINAL-BM110-FOCUS-LENSES,RayTools Original BM110 Focus Lenses,raytools-original-bm110-focus-lenses,focus-lenses,,SPARE_PART,,,Fused Silica,,,,,,"Scanning, Cutting",50 mm,,Plano Convex,532 nm,,<50 W,AR 532 nm,,,,,,,,,,,,,,With Mount,,,,,,,,,,,,,,,,,,,,,,,,,,,,,,,,,,,,,,,,,,,,,,,,,,,,,,,,,,,,,,,,,,,,,,,,,,,,,,,,,,,,,,,,,,,,,,,,,,,,,,,,,,,,,,,,,,,,,,,,,,,,,,,,,,,,,,,,,,,,,,,,,,,,,,,,,,,,,,,,,,,,,,,,,,,,,,,,,,,,,,,,
BOCI-BLT-310-COLLIMATING-FOCUS-LENSES,BOCI BLT 310 Collimating Focus Lenses,boci-blt-310-collimating-focus-lenses,focus-lenses,,SPARE_PART,,,Fused Silica,,,,,,Cutting,50 mm,,Plano Convex,532 nm,,>1000 W,AR 532 nm,,,,,,,,,,,,,,With Mount,,,,,,,,,,,,,,,,,,,,,,,,,,,,,,,,,,,,,,,,,,,,,,,,,,,,,,,,,,,,,,,,,,,,,,,,,,,,,,,,,,,,,,,,,,,,,,,,,,,,,,,,,,,,,,,,,,,,,,,,,,,,,,,,,,,,,,,,,,,,,,,,,,,,,,,,,,,,,,,,,,,,,,,,,,,,,,,,,,,,,,,,
RAYTOOLS-ORIGINAL-BM111-FOCUSING-COLLIMATING-FOCUS-LENSES,RayTools Original BM111 Focusing Collimating Focus Lenses,raytools-original-bm111-focusing-collimating-focus-lenses,focus-lenses,,SPARE_PART,,,Fused Silica,,,,,,Cutting,50 mm,,Plano Convex,532 nm,,<50 W,AR 532 nm,,,,,,,,,,,,,,With Mount,,,,,,,,,,,,,,,,,,,,,,,,,,,,,,,,,,,,,,,,,,,,,,,,,,,,,,,,,,,,,,,,,,,,,,,,,,,,,,,,,,,,,,,,,,,,,,,,,,,,,,,,,,,,,,,,,,,,,,,,,,,,,,,,,,,,,,,,,,,,,,,,,,,,,,,,,,,,,,,,,,,,,,,,,,,,,,,,,,,,,,,,
CO2-LASER-FOCUS-LENSES,Co2 Laser Focus Lenses,co2-laser-focus-lenses,focus-lenses,,SPARE_PART,"A CO2 Laser Focus Lens is a crucial optical component that converges a diverging CO2 laser beam (10.6µm wavelength) into a tiny, high-intensity spot for precise material processing like cutting, engraving, and marking.","A CO2 Laser Focus Lens is a crucial optical component that converges a diverging CO2 laser beam (10.6µm wavelength) into a tiny, high-intensity spot for precise material processing like cutting, engraving, and marking. Made from materials like Zinc Selenide (ZnSe) and coated to reduce reflection, its key feature is focal length, the distance from the lens to the concentrated point, which determines the spot size and depth of focus, requiring different lenses for thin versus thick materials.",ZnSe,,,,,,CO2 Cutting,50.8 mm,12.7 mm,Plano Convex,,,,AR 10.6 µm,,,,,,,,,,,,,,Lens Only,,,,,,,,,,,,,,,,,,,,,,,,,,,,,,,,,,,,,,,,,,,,,,,,,,,,,,,,,,,,,,,,,,,,,,,,,,,,,,,,,,,,,,,,,,,,,,,,,,,,,,,,,,,,,,,,,,,,,,,,,,,,,,,,,,,,,,,,,,,,,,,,,,,,,,,,,,,,,,,,,,,,,,,,,,,,,,,,,,,,,,,,
OSPRI-LC808-FOCUS-LENSES,OSPRI LC808 Focus Lenses,ospri-lc808-focus-lenses,focus-lenses,,SPARE_PART,,,Fused Silica,,,,,,"Cutting, Welding",50 mm,,Plano Convex,532 nm,,50–200 W,,,,,,,,,,,,,,,With Mount,,,,,,,,,,,,,,,,,,,,,,,,,,,,,,,,,,,,,,,,,,,,,,,,,,,,,,,,,,,,,,,,,,,,,,,,,,,,,,,,,,,,,,,,,,,,,,,,,,,,,,,,,,,,,,,,,,,,,,,,,,,,,,,,,,,,,,,,,,,,,,,,,,,,,,,,,,,,,,,,,,,,,,,,,,,,,,,,,,,,,,,,
RAYTOOL-BM115-PLANO-FOCUS-LENSES,Raytool BM115 Plano Focus Lenses,raytool-bm115-plano-focus-lenses,focus-lenses,,SPARE_PART,,,Fused Silica,,,,,,Cutting,50 mm,,Plano Convex,532 nm,,<50 W,AR 532 nm,,,,,,,,,,,,,,With Mount,,,,,,,,,,,,,,,,,,,,,,,,,,,,,,,,,,,,,,,,,,,,,,,,,,,,,,,,,,,,,,,,,,,,,,,,,,,,,,,,,,,,,,,,,,,,,,,,,,,,,,,,,,,,,,,,,,,,,,,,,,,,,,,,,,,,,,,,,,,,,,,,,,,,,,,,,,,,,,,,,,,,,,,,,,,,,,,,,,,,,,,,
BODOR-LASER-FOCUS-LENS,Bodor Laser Focus Lens,bodor-laser-focus-lens,focusing-lens,bodor,SPARE_PART,"We can deliver BODOR Focusing lens for laser cutting machine all across india A Bodor laser focus lens is a high-purity, fused silica optical component for Bodor fiber laser cutters, designed to precisely converge the laser beam for efficient cutting, offering high thermal stability, durability, and specific focal lengths (e.g., 150mm, 200mm) for various materials, featuring plano-convex shape for focused energy, ensuring high cutting quality","We can deliver BODOR Focusing lens for laser cutting machine all across india A Bodor laser focus lens is a high-purity, fused silica optical component for Bodor fiber laser cutters, designed to precisely converge the laser beam for efficient cutting, offering high thermal stability, durability, and specific focal lengths (e.g., 150mm, 200mm) for various materials, featuring plano-convex shape for focused energy, ensuring high cutting quality",Glass,BODOR,Laser cutting machine,,,,,,30mm,,,,,,"Concave, Convex",,,,,,,,,,,,,,,,,,,,,,,,,,,,,,,,,,,,,,,,,,,,,,,,,,,,,,,,,,,,,,,,,,,,,,,,,,,,,,,,,,,,,,,,,,,,,,,,,,,8KW,,,,,,,,,,,,,,,,,,,,,,,,,,,,,,,,,,,,,,,,,,,,,,,,,,,,,,,,,,,,,,,,,,,,,,,,,,,,,,,,,,,,,,,,,,,,,,,,,,
AMADA-LASER-CUTTING-NOZZLE,Amada Laser Cutting Nozzle,amada-laser-cutting-nozzle,focusing-lens,amada-lens-assembly,SPARE_PART,We can provide Amanda Laser cutting nozzle at a very economical rate all across india for laser cutting machines,We can provide Amanda Laser cutting nozzle at a very economical rate all across india for laser cutting machines,Glass,Amada lens assembly,laser cutting,,,Made in India,,AX focus,,,532 nm,,,,"Concave, Convex",,,,,,,,,,,,,,,,,,,,,,,,,,,,,,,,,,,,,,,,,,,,,,,,,,,,,,,,,LED,,,,,,,,,,,,,,,,,,,,,,,,,,,,,,,,,,,,,,,,,,,,,,,,,,,,,,,,,,,,,,,,,,,,,,,,,,,,,,,,,,,,,,,,,,,,,,,,,,,,,,,,,,,,,,,,,,,,,,,,,,,,,,,,,,,,,,,,,,,,
MAZAK-3D-LASER-HEAD-ASSEMBLY-PARTS,Mazak 3d Laser Head Assembly Parts,mazak-3d-laser-head-assembly-parts,inner-outer-cone,mazak,SPARE_PART,We can provide Mazak 3D laser head assembly parts at a very economical rate all across india for laser cutting machines,We can provide Mazak 3D laser head assembly parts at a very economical rate all across india for laser cutting machines,Aluminium,Mazak,laser cutting,co2 & fiber,,,,,,,,,,,,,,,,,,,,,,,,,,,,,,,,,,,,,,,,,,,,,,,,,,,,,,,,,,,,,,,,,,,,,1000 W,,,,,,,,,,,,,,,,,,,,,,,,,,,,,,,,,,,,,,,,,,,,,,,,,,,,,,,,,,,,,,,,,,,,,,,,,,,,,,,,,,,,,,,,,,,,,,,,,,,,,,,,,,,,,,,,,,,,,,,,,,,,,,,,,,,,,,,,,,,
I-3501-DNE-INSULATION-RING,I 3501 DNE Insulation Ring,i-3501-dne-insulation-ring,insulation-ring,,SPARE_PART,,,,,,,,,,,,,,,,,,,,,,,,,,,,1 mm,,,10 mm,,,,Flat Copper Ring,,,,4 mm,,,,,,,,,,,,,,,,Bare Copper,Half Hard,ETP Copper,,,,,,,,,,,,,,,,,,,,,,,,,,,,,,,,,,,,,,,,,,,,,,,,,,,,,,,,,,,,,,,,,,,,,,,,,,,,,,,,,,,,,,,,,,,,,,,,,,,,,,,,,,,,,,,,,,,,,,,,,,,,,,,,,,,,,,,,,,,,,,,,,,,,,,,,,,,,,
I-2500-DNE-INSULATION-RING,I 2500 DNE Insulation Ring,i-2500-dne-insulation-ring,insulation-ring,raytools,SPARE_PART,,,,Raytools,,DNE Insulation Ring I 2500,,Made in India,,,,,,Ring,,,,,,,,,,,,,6000 mm/s,,,,,,,,,,,,,,,,,,,,,,,,,,,,,,,,,,,,,,,,,,,,,,,,,,,,,,,,,,,,,,,,,,,,,,,,,,,,,,,,,,,,,,,,,,,,,,,,,,,,,,,,,,,,,,,,,,,,,,,,,,,,,,,,,,,,,,,,,,,,,,,,,,,,,,,,,,,,,,,,,,,,,,,,,,,,,,,,,,,,,,,,,,,
I-2700-DNE-INSULATION-RING,I 2700 DNE Insulation Ring,i-2700-dne-insulation-ring,insulation-ring,raytools,SPARE_PART,,,,Raytools,,DNE Insulation Ring I 2700,,Made in India,,,,,,Ring,,,,,,,,,,,,,6000 mm/s,,,,,,,,,,,,,,,,,,,,,,,,,,,,,,,,,,,,,,,,,,,,,,,,,,,,,,,,,,,,,,,,,,,,,,,,,,,,,,,,,,,,,,,,,,,,,,,,,,,,,,,,,,,,,,,,,,,,,,,,,,,,,,,,,,,,,,,,,,,,,,,,,,,,,,,,,,,,,,,,,,,,,,,,,,,,,,,,,,,,,,,,,,,
I-0502-DNE-INSULATION-RING,I 0502 DNE Insulation Ring,i-0502-dne-insulation-ring,insulation-ring,,SPARE_PART,,,Nitrile NBR,,,,,,,,,,,,,,PTFE Ring,,,,,,,,,,,1 mm,,,10 mm,,,,Sealing Ring,,,,4 mm,,,,,,Valve,,,,,,,,,,Tinned Copper,Soft,ETP Copper,,,,,,,,,,,,,,,,,,,,,,,,,,,,,,,,,,,,,,,,,,,,,,,,,,,,,,,,,,,,Water,,,,,,,,,,,,,,,,,,,,,,,,,,,,,,,,,,,,,,,,,,,,,,,,,,,,,,,,,,,,,,,,,,,,,,,,,,,,,,,,,,,,,,,,,,,,,,,,,
RAYTOOLS-LASER-CUTTING-HEAD,Raytools Laser Cutting Head,raytools-laser-cutting-head,laser-cutting-head-cables,,SPARE_PART,"We deal in MAX, RAYCUS, RECI, IPG, RAYTOOLS, WSX, OSPRI, PRECITEC, CYPCUT, TF,S&A,Hanli etc all across India.","We deal in MAX, RAYCUS, RECI, IPG, RAYTOOLS, WSX, OSPRI, PRECITEC, CYPCUT, TF,S&A,Hanli etc all across India. We deal in superior quality products and provide good service periodically.",,,Laser cutting Head Cables,Fiber,White,,,,,,,,,,,,,,,Trumpf Laser cutting Machine,,,,,,,Oxygen,,,,,,,,1000 W,,,,,,,,,Height Sensing,,,,,Cable,,,,,,,,,,,,,,,,,,,,,,,,1000 W,,,,,,,,,,,,,,,,,,,,,,,,,,,,,,,,,,,,,,,,,,,,,,,,,,,,,,,,,,,,,,,,,,,,,,,,,,,,,,,,,,,,,,,,,,,,,,,,,,,,,,,,,,,,,,,,,,,,,,,,,,,,,,,,,,,,,,,,,,,
IPG-QBH-I-12X13-4KW-FIBER-LASER-CUTTING-MACHINE,IPG QBH I 12x13 4KW Fiber Laser Cutting Machine,ipg-qbh-i-12x13-4kw-fiber-laser-cutting-machine,laser-cutting-machine,caplugs,SPARE_PART,,,LDPE,Caplugs,,,Yellow,,,,,,,Round,,,,,,,,,,,,,,,,,,,,,,,,,,,,,,,Transport Protection,,,,,,,,,,,,,,,,Poly Bag,,,,,,,,,,,,,,,,,,,,,,,,,,,,,,,,,,,,,,,,,,,,,,,,,,,,,,,,,Valve End,Push Fit,10 mm,Matt,,,,,,,,,,,,,,,,,,,,,,,,,,,,,,,,,,,,,,,,,,,,,,,,,,,,,,,,,,,,,,,,,,,,,,,,,,,,,,,,,,,,,,,,,,,,,
OPHIR-CO2-LASER-MACHINE-LENS,Ophir Co2 Laser Machine Lens,ophir-co2-laser-machine-lens,laser-cutting-machine-lens,ophir,SPARE_PART,We can provide Ophir C02 laser machine lens at a very economical rate all across india for laser cutting machines,We can provide Ophir C02 laser machine lens at a very economical rate all across india for laser cutting machines,Glass,Ophir,laser cutting,,,,,,,Convex and concave,,,,,,,,,,,,,,,,,,,,,,,,,,,,,,,,,,,,,,,,,,,,,,,,,,,,,,,,,,,,,,,,,,,,,,,,,,,,,,,,,,,,,,,,,,,,,,,,,,,,,,,,,,,,,,convex,yes,,,,,,,,,,,,,,,,,,,,,,,,,,,,,,,,,,,,,,,,,,,,,,,,,,,,,,,,,,,,,,,,,,,,,,,,,,,,,,,,,,,,,,,,,,,
AMADA-LASER-CUTTING-NOZZLE-2,Amada Laser Cutting Nozzle,amada-laser-cutting-nozzle-2,laser-cutting-nozzles,amada,SPARE_PART,We can provide Amanda Laser cutting nozzle at a very economical rate all across india for laser cutting machines,We can provide Amanda Laser cutting nozzle at a very economical rate all across india for laser cutting machines,Brass,Amada,laser cutting,CO2,,,,,,,,,,,,,,32mm,,,,15mm,,yes,,,,,,,,,,,,,,,,,,,,,,,,,,,,,,,,,,,,,,,,,,,,,,,,,,,,,,,,,,,,,,,,,,,,,,,,,,,,,,,,,,,,,,,,,,,,,,,,,,,,,,,,,,,,,,,,,,,,,,,,,,,,,,,,,,,,,,,,,,,,,,,,,,,,,,,,,,,,,,,,,,,,,,,,,,,,,,,,,,,,,,,,,,,,
2D-LASER-CUTTING-SERVICES,2D Laser Cutting Services,2d-laser-cutting-services,laser-cutting-services-2d-and-3d,,SPARE_PART,The TRUMPF TruLaser 3030 Fiber is a high-performance 2D laser cutting machine designed for maximum flexibility and productivity.,"The TRUMPF TruLaser 3030 Fiber is a high-performance 2D laser cutting machine designed for maximum flexibility and productivity. It features a 6 kW Raycus laser option, a 3000 × 1500 mm working range, and a maximum simultaneous speed of 170 m/min. The machine is capable of cutting mild steel up to 25 mm thick",,,,,,,,,,,,,,,,,,,,,,,,,,,,,,,,,,,,,,,,,,,,,,,,,,,,,,,,,,,,,,,,,,,,,,,,,,Up to 25 mm,Per Piece,,,,,,,,,,,,,,,,,,,,,,,,,,,,,,,,,,,,,,,,,,,,,,,"Aluminum, Mild Steel, Brass, Copper, Stainless Steel",Fiber Laser,"Marking, Engraving, Cutting + Engraving, Cutting",1250 x 2500 mm,"Fabrication, Construction, Automotive, Electrical",Both Options,"DXF, DWG, PDF",,,,,,,,,,,,,,,,,,,,,,,,,,,,,,,,,,,,,,,,,,,,,,,,,,,,,,,,,,,,,,,,,,,,,,,,,,,,,,,,,,,,
TUBE-LASER-CUTTING-SERVICES,Tube Laser Cutting Services,tube-laser-cutting-services,laser-cutting-services-2d-and-3d,,SPARE_PART,"HSG tube laser cutting machines are high-speed, intelligent fiber laser systems designed for precision processing of pipes, profiles, and tubes, offering 1500W-20000W+ power.","HSG tube laser cutting machines are high-speed, intelligent fiber laser systems designed for precision processing of pipes, profiles, and tubes, offering 1500W-20000W+ power. Key features include pneumatic chucks, HSG-X bus control, and automated loading, suitable for various industrial metal cutting needs.",,,,,,,,,,,,,,,,,,,,,,,,,,,,,,,,,,,,,,,,,,,,,,,,,,,,,,,,,,,,,,,,,,,,,,,,,,Up to 12 mm,Per Piece,"Fabrication, Automotive, Railway",,,,,,,,,,,,,,,,,,,,,,,,,,,,,,,,,,,,,,,,,,,,,,,,,,,,,"Alloy Steel, GI Steel, Mild Steel, Stainless Steel, Aluminum, Brass, Copper",300 mm,"C Channel, Round, Square, Oval, Rectangular","2D Cutting, 3D Bevel Cutting, Hole Cutting, Slot Cutting",Up to 3 m,,,,,,,,,,,,,,,,,,,,,,,,,,,,,,,,,,,,,,,,,,,,,,,,,,,,,,,,,,,,,,,,,,,,,,,,,,,,,,,
3D-5-AXIS-LASER-CUTTING-SERVICES,3D 5 Axis Laser Cutting Services,3d-5-axis-laser-cutting-services,laser-cutting-services-2d-and-3d,,SPARE_PART,"3D Laser Cutting Services use multi-axis laser technology to precisely cut, engrave, and shape materials like metal, plastic, wood, and glass in three dimensions, enabling complex designs, intricate details, and beveled edges impossible with 2D methods, offering high precision, minimal material distortion, reduced waste, and faster production for prototyping, custom parts, and artistic creations across various industries.","3D Laser Cutting Services use multi-axis laser technology to precisely cut, engrave, and shape materials like metal, plastic, wood, and glass in three dimensions, enabling complex designs, intricate details, and beveled edges impossible with 2D methods, offering high precision, minimal material distortion, reduced waste, and faster production for prototyping, custom parts, and artistic creations across various industries.",,,,,,,,,,,,,,,,,,,,,,,,,,,,,,,,,,,,,,,,,,,,,,,,,,,,,,,,,,,,,,,,,,,,,,,,,,,,,,,,,,,,,,,,,,,,,,,,,,,,,,,,,,,,,,,,,,,,,,,,,,,,,,,,,,,,,,,,,,,,,,,,,,,,,,,,,,,,,,,,,,,,,,,,,,,,,,,,,,,,,,,,,,,,,,,,,,,,,,,,,,,,,,,,,,,,
LASER-EQUIPMENT-PARTS,Laser Equipment Parts,laser-equipment-parts,laser-equipment-parts,raytools,SPARE_PART,,,Ceramic,Raytools,,CO2,,,Laser Cutting,,,,,,,,,,,,,,,,,,,,,,,,,,,,6 kw,,,,,,,,,,,,,,Head,,,,,,,,,,,12 V,,,,,,,,,,,,,,,,,,20 kHz,-10 - 40 degree c,,,,,,,,,,,,,,,,,,,,,,,,,,,,,,,,,,,,,,,,,,,,,,,,,,,,,,,,,,,,,,,,,,,,,,,,,,,,,,,,,,,,,,,,,,,,,,,,,,,,,,,,,,,,,,,,,,,,,,,,,,,,,,,,,,,,,
CP-10-FILTER-FOR-CHILLER-UNIT,CP 10 Filter for Chiller Unit,cp-10-filter-for-chiller-unit,laser-filters,cp10,SPARE_PART,,,,CP10,Laser cutting machine chiller unit,,White,,,,10 inch,,,Round,,,Laser Cutting Chiller,,,,,Trulaser Cell 7040/7020/5030,,,,,,,,,,,,,,,,,,,,,,,,,,,,,,,,,,,,,,,,,Automatic,,,,,,,,,,,,,,,,,,,4KW,,,,,,,,,,,,,,,,,,,,,,,,,,,,,,,,,,,,,,,,,,,,,,,,,,,,,,Radient compressor,200Ltr,Laser water catridge filtration,10 Bar,,,,,,,,,,,,,,,,,,,,,,,,,,,,,,,,,,,,,,,,,,,,,,,,,,,,,,,,,,,,,,,,,,,,,,,,,,,
RAYTOOL-BM06K-PLANO-LASER-LENS,Raytool BM06k Plano Laser Lens,raytool-bm06k-plano-laser-lens,laser-lens,,SPARE_PART,,,Fused Silica,,,,,,Cutting,50 mm,,Plano Convex,532 nm,,<50 W,AR 532 nm,,,,,,,,,,,,,,,,,,,,,,,,,,,,,,,,,,,,,,,,,,,,,,,,,,,,,,,,,,,,,,,,,,,,,,,,,,,,,,,,,,,,,,,,,,,,,,,,,,,,,,,,,,,,,,,,,,,,,,,,,,,,,,,,,,,,,,,,,,,,,,,,,,,,,,,,,,,,,,,,,,,,,,,,,,,,,,,,,,,,,,,,,,,,,,,,,,,,,,
OPHIR-MAZAK-CO2-LASER-LENSE,Ophir Mazak Co2 Laser Lense,ophir-mazak-co2-laser-lense,laser-lense,ophir,SPARE_PART,,,Glass,Ophir,Laser cutting,,,,,,,Co2 lens,,,,,,,,,,,,,,,,,,,,,,,,,,,,,,,,,,,,,,,,,,,,,,,,,,,,,,,,,,,,,,co2,,,,,,,,,Z50ZZ013470,,,,,,,,,,,,,,,,,,,,,,,,,,,,,,,,,,,,,,,,,,,,,,,,,,,,,,,,,,,,,,,,,,,,,,,,,,,,,,,,,,,,,,,,,,,,,,,,,,,,,,,,,,,,,,,,,,,,,,,,,,,,,,,,,,,
355NM-FUSED-SILICA-LASER-LENSE,355nm Fused Silica Laser Lense,355nm-fused-silica-laser-lense,laser-lense,,SPARE_PART,,,Fused Silica,,,CO2,,,,50 mm,,Plano Convex,355 nm,,<50 W,AR 355 nm,,,,,,,,,,,,,,,,,,,,,,,,,,,,,,,,,,,,,,,,,,,,,,,,,,,,,,,,,,,,,,,,,,,,,,,,,,,,,,,,,,,,,,,,,,,,,,,,,,,,,,,,,,,,,,,,,,,,,,,,,,,,,,,,,,,,,,,,,,,,,,,,,,,,,,,,,,,,,,,,,,,,,,,,,,,,,,,,,,,,,,,,,,,,,,,,,,,,,,
400MM-RAYCUS-LASER-LENSE,400mm Raycus Laser Lense,400mm-raycus-laser-lense,laser-lense,,SPARE_PART,,,Fused Silica,,,UV Laser,,,Cutting,400 mm,,Plano Convex,355 nm,,<50 W,AR 355 nm,,,,,,,,,,,,,,,,,,,,,,,,,,,,,,,,,,,,,,,,,,,,,,,,,,,,,,,,,,,,,,,,,,,,,,,,,,,,,,,,,,,,,,,,,,,,,,,,,,,,,,,,,,,,,,,,,,,,,,,,,,,,,,,,,,,,,,,,,,,,,,,,,,,,,,,,,,,,,,,,,,,,,,,,,,,,,,,,,,,,,,,,,,,,,,,,,,,,,,
LASER-MACHINE-MIRRORS,Laser Machine Mirrors,laser-machine-mirrors,laser-machine-mirror,,SPARE_PART,We can provide Laser machine mirrors at a very economical rate all across india for laser cutting machines,We can provide Laser machine mirrors at a very economical rate all across india for laser cutting machines,Glass and SS,,,,,,,,30mm,,,Round,,,,Box,,,,,,,,,,1 mm,,,,,,,,,,,,,,,,,,,,,,,,,,,,,,,,,,,,,,,,,,,,,,,,,,,,,,,,,,,,,,,,,,,,,,,,,,,,,,,,,,,,,,,,,,,,,,,,,,,,,,,,,,,,,,,,,,,,,,,,,,,,,,,,,,,,,,,,,,,,,,,,,,,,,,,,,,,,,,,,,,,,,,,,,,,,,,,,,,,,,,,,,,
DOUBLE-LAYERS-RAYTOOLS-LASER-NOZZLE,Double Layers Raytools Laser Nozzle,double-layers-raytools-laser-nozzle,laser-machine-parts,raytools,SPARE_PART,We provide all types of raytool cutting head nozzles: Raytools single layer nozzle Raytools double layer nozzle raytools single layer chrome plated nozzle Raytools double layer chrome plated nozzle Raytools bullet type laser nozzle,"We provide all types of raytool cutting head nozzles:

Raytools single layer nozzle
Raytools double layer nozzle
raytools single layer chrome plated nozzle
Raytools double layer chrome plated nozzle
Raytools bullet type laser nozzle",Chrome Plated,RAYTOOLS,fiber laser cutting machine Raytools Head,Fiber Laser,Brown,,,,,,,,,,,,10000 mm/s,32mm,,,,H15,0.01,,,,,,,,,,,,,,,,,,Fiber laser,,,,,,,,,,,,,,,,,,,,,,,,,,,,,,,,,,,,,,,,,,,,,,,,,,,,,,,,,,,,,,,,,,,,,,,,,,,,,,,,,,,,,,,,,,,,,,,,,,,,,,,,,,,,,,,,,,,,,,,,,,,,,,,,,,,,,,,,,,,,,,,,,,,,,,,,,,,,,,,,,,,,,,,,,,,
RAYTOOLS-LASER-HEAD-PROTECTION-LENS,Raytools Laser Head Protection Lens,raytools-laser-head-protection-lens,laser-machine-parts,,SPARE_PART,"We can supply Protection window like Bodor ,Raytools ,Wsx ,Preceitec Laser cutting Head.Raytools protective lenses are high-precision optical windows for laser cutting heads, made from fused silica (quartz) with anti-reflective (AR) coatings, designed to shield core components from dust, fumes, spatter, and heat, ensuring beam quality, extending head life, and maintaining high cutting efficiency and accuracy in fiber laser systems.","We can supply Protection window like Bodor ,Raytools ,Wsx ,Preceitec Laser cutting Head.Raytools protective lenses are high-precision optical windows for laser cutting heads, made from fused silica (quartz) with anti-reflective (AR) coatings, designed to shield core components from dust, fumes, spatter, and heat, ensuring beam quality, extending head life, and maintaining high cutting efficiency and accuracy in fiber laser systems. They are consumables, come in various sizes/powers (e.g., 37x7mm for up to 15kW), offer high transmission (>99.76%), and are crucial for stable operation.",JSG1,,Fiber Laser cutting Machine,Fiber Laser,,,,,ALL TYPES DIMETER AVAILABLE,,,,,,,,10000 mm/s,,,,,,,,10000 mm/s,,,,,,,,,,,,,,,,,,,,,,,,,,,,,,,,,,,,,,,,,,,,,,,,,,,,,,,,,,,,,,,,,,,,,,,,,,,,,,,,,,,,,,,,,,,,,,,,,,,,,,,,,,,,,,,,,,,,,,,,,,,,,,,,,,,,,,,,,,,,,,,,,,,,,,,,,,,,,,,,,,,,,,,,,,,,,,,,,,,,,,,,,,,
HYCO-VACUUM-PUMP,Hyco Vacuum Pump,hyco-vacuum-pump,laser-machine-spare-parts,trumpf-laser-machine,SPARE_PART,We can supply the Hyco Vaccum Pump for laser cutting machine all across india.,"We can supply the Hyco Vaccum Pump for laser cutting machine all across india.

We are offering replacement Hyco vacuum pumps forTrumpf® CO2 laser systems. These are direct drop inreplacements.We offer both the original hardwire version and thenewer plug version; the only aftermarket options thatprovide the exact OEM specifications.",Cast Iron,Trumpf laser machine,Industrial,,,,,,,,,,,,Oil Lubricant Vacuum Pumps,,,,,Hyco Vacuum Pump,,,,,,,,,,,,,,,,,,,,,,,,,,,,,,,,,,,,,,,,,,,,,,,,,,,,,,,,,,,,4KW,,,,,,,,,,,,,,,,,,,,,,,,,,,,,,,,,,,,,,,,,,,,,,,,,,,,,,,,,,10m3,Double Stage,Portable,,,,,,,,,,,,,,,,,,,,,,,,,,,,,,,,,,,,,,,,,,,,,,,,,,,,,,,,,,,,,,,,,,,,,,,,
1MM-CO2-LASER-MIRROR,1mm Co2 Laser Mirror,1mm-co2-laser-mirror,laser-mirror,,SPARE_PART,We can provide CO2 laser mirror of copper and stainless steel at a very economical rate all across india for laser cutting machines,We can provide CO2 laser mirror of copper and stainless steel at a very economical rate all across india for laser cutting machines,Copper and SS,,,,,,,,4 inch,,355 nm,Round,,,,,,,,,,,,,,1 mm,,,,,,,,,,Laser Co2 Fiber Mirror,,,,,,,,,,,,,,,,,,,,,,,,,,,,,,,,,,,,,,,,,,,,,,,,,,,,,,,,,,,,,,,,,,,,,,,,,,,,,,,,,,,,,,,,,,,,,,,,,,,,,,,,,Flat Mirror,99 %,,,,,,,,,,,,,,,,,,,,,,,,,,,,,,,,,,,,,,,,,,,,,,,,,,,,,,,,,,,,,,,,,,,,,,
OPHIR-CO2-LASER-LENS,Ophir Co2 Laser Lens,ophir-co2-laser-lens,laser-mirror,,SPARE_PART,,,Glass,,,,Yellow,,,,1 inch,,,Round,,,,,,,,,,,,,,2mm,,,,,,,,,,Causes The Photons To Travel Back and Forth Through The Glass,,,,,,,,,,,,,,,,,,,,,,,,,,,,,,,,,,,,,,,,,,,,,,,,,,,,,,,,,,,,,,,,,,,,,,,,,,,,,,,,,,,,,,,,,,,,,,,,,,,,,,,,,,,,,,,,,,,,,,,,,,,,,,,,,,,,,,,,,,,,,,,,,,,,,,,,,,,,,,,,,,,,,,,,,,,,,,,,
SINGLE-LAYER-BODOR-LASER-NOZZLE,Single Layer Bodor Laser Nozzle,single-layer-bodor-laser-nozzle,laser-nozzle,,SPARE_PART,10 PCS Bodor Laser Nozzles Double Layers Dia.32mm H15 Caliber 0.8-4.0mm For Bodor Empower Fiber Laser Cutting Head,10 PCS Bodor Laser Nozzles Double Layers Dia.32mm H15 Caliber 0.8-4.0mm For Bodor Empower Fiber Laser Cutting Head,Copper,,BODOR LASER CUTTING MACHINE,Fiber Laser,,,,,,,,,,,,,,"32mm, 1.5mm",,BODOR NOZZLE,,15mm,,,,,,,,,,,,,,Co2 & Fiber cutting Machine,,,,,,,,,COPPER,,,,,,,,,,,,,,,,,,,,,,,,,,,,,,,,,,,,,,,,,,,,,,,,,,,,,,,,,,,,,,,,,,,,,,,,,,,,,,,,,,,,,,,,,,,,,,,,,,,,,,,,,,,,,,,,,,,,,,,,,,,,,,,,,,,,,,,,,,,,,,,,,,,,,,,,,,,,,,,,,,,,,,,
PRECITEC-LASER-NOZZLE,Precitec Laser Nozzle,precitec-laser-nozzle,laser-nozzle,precitec,SPARE_PART,We can deliver Precitec Laser nozzle single and double layer for laser cutting machine.All model nozzle of precitec cutting head - co2 & fiber laser.,"We can deliver Precitec Laser nozzle single and double layer for laser cutting machine.All model nozzle of precitec cutting head - co2 & fiber laser.

precitec hp/n nozzle - single and double
hp/n (con) nozzle, double nozzle ss type,
hp/n (con) nozzle shorter h=11mm, hp nozzle, precitec hp nozzle, ds1. 5 nozzle,
cs2 nozzle,dxn nozzle
please share your cutting head model and nozzle part no, we will offer you quote all type of nozzles",Copper,Precitec,Laser cutting machine,Fiber Laser,brown,,,,,,,,,,,,8000 mm/s,"1mm, 28mm",,Precitec Laser Nozzle,,15mm,0.3mm,yes,,,,,,,,,,,,,,,,,,,,,,,,,,,,,,,,,,,,,,,,,,,,,,,,,,,,,,,,,,,,,,,,,,,,,,,,,,,,,,,,,,,,,,,,,,,,,,,,,,,,,,,,,,,,,,,,,,,,,,,,,,,,,,,,,,,,,,,,,,,,,,,,,,,,,,,,,,,,,,,,,,,,,,,,,,,,,,,,,,,,,,,,,,,,
PRECITEC-LASER-NOZZLE-2,Precitec Laser Nozzle,precitec-laser-nozzle-2,laser-nozzle,,SPARE_PART,We can provide Precitec laser nozzle at a very economical rate all across india for laser cutting machines,We can provide Precitec laser nozzle at a very economical rate all across india for laser cutting machines,Copper,,,,,,,,20mm,,,,,,,,,,,,,40mm,,,,,,,,,,,,,,Co2 & Fiber cutting Head,,,,,,,,,Chrome Plated,,,,,,,,,,,,,,,,,,,,,,,,,,,,,,,,,,,,,,,,,,,,,,,,,,,,,,,,,,,,,,,,,,,,,,,,,,,,,,,,,,,,,,,,,,,,,,,,,,,,,,,,,,,,,,,,,,,,,,,,,,,,,,,,,,,,,,,,,,,,,,,,,,,,,,,,,,,,,,,,,,,,,,,
CHROME-PLATED-LASER-NOZZLE,Chrome Plated Laser Nozzle,chrome-plated-laser-nozzle,laser-nozzle,centricut,SPARE_PART,,,Brass,Centricut,,,Silver and Red,,,,32mm,,,,,,Double nozzle,Box,,,,,,15mm,,,,,,,,,,,,,,Co2 & Fiber cutting Head,,,,,,,,,Polished,,,,,,,,,,,,,,,,,,,,,,,,,,,,,,,,,,,,,,,,,,,,,,,,,,,,,,,,,,,,,,,,,,,,,,,,,,,,,,,,,,,,,,,,,,,,,,,,,,,,,,,,,,,,,,,,,,,,,,,,,,,,,,,,,,,,,,,,,,,,,,,,,,,,,,,,,,,,,,,,,,,,,,,
PRECITEC-LASER-NOZZLE-3,Precitec Laser Nozzle,precitec-laser-nozzle-3,laser-nozzle,precetic,SPARE_PART,,,Copper,Precetic,,,,,,,20mm,,,,,,,BOX,,,,,,10mm,,,,,,,,,,,,,,,,,,,,,,,Chrome Plated,,,,,,,,,,,,,,,,,,,,,,,,,,,,,,,,,,,,,,,,,,,,,,,,,,,,,,,,,,,,,,,,,,,,,,,,,,,,,,,,,,,,,,,,,,,,,,,,,,,,,,,,,,,,,,,,,,,,,,,,,,,,,,,,,,,,,,,,,,,,,,,,,,,,,,,,,,,,,,,,,,,,,,,
26MM-OSPIRI-LASER-NOZZLE,26mm Ospiri Laser Nozzle,26mm-ospiri-laser-nozzle,laser-nozzle,,SPARE_PART,We can supply ospri laser cutting Nozzle for fiber laser cutting machine.,"We can supply ospri laser cutting Nozzle for fiber laser cutting machine.
A 26mm Ospri Laser Nozzle is a high-precision, copper-alloy consumable for Ospri brand fiber laser cutting machines, known for its excellent thermal conductivity, corrosion resistance, and smooth interior for focused airflow, enabling clean cuts on metals like stainless steel, aluminum, and copper by delivering auxiliary gases (N2, Air, O2) to eject molten material, with specific calibers (0.8-4.0mm) chosen for material thickness and laser power.",COPPER,,fiber laser cutting machine,Fiber Laser,brown,,,,,,,,,,,,10000 mm/s,1mm,,,,H15,,,,,,,,,,,,,,,,,,,,,,,,,,,,,,,,,,,,,,,,,,,,,,,,,,,,,,,,,,,,,,,,,,,,,,,,,,,,,,,,,,,,,,,,,,,,,,,,,,,,,,,,,,,,,,,,,,,,,,,,,,,,,,,,,,,,,,,,,,,,,,,,,,,,,,,,,,,,,,,,,,,,,,,,,,,,,,,,,,,,,,,,,,,,,,
LASER-CERAMIC-NOZZLE,Laser Ceramic Nozzle,laser-ceramic-nozzle,laser-nozzle,centricut-thermacut,SPARE_PART,"We can deliver EBG/ EBF Laser nozzle with ceramic for laser cutting machine all across indiaA laser ceramic nozzle is a critical, heat-resistant component in laser cutting/welding heads, made from alumina ceramic to focus the beam, insulate sensitive parts (like lenses) from extreme heat/debris, ensure smooth gas flow for slag removal, and maintain precise height control via capacitance signals, offering durability, thermal stability, and precision for high-power industrial a","We can deliver EBG/ EBF Laser nozzle with ceramic for laser cutting machine all across indiaA laser ceramic nozzle is a critical, heat-resistant component in laser cutting/welding heads, made from alumina ceramic to focus the beam, insulate sensitive parts (like lenses) from extreme heat/debris, ensure smooth gas flow for slag removal, and maintain precise height control via capacitance signals, offering durability, thermal stability, and precision for high-power industrial applications.",Copper,Centricut / Thermacut,Laser cutting machine,Fiber Laser,Light brown,,,,0.8mm to 2.7mm,,,,,,,,8000 mm/s,,,Ceramic EBG/EBF Laser Nozzle,,15mm,0.3mm,yes,,,,,,,,,,,,,,,,,,,,,,,,,,,,,,,,,,,,,,,,,,,,,,,,,,,,,,,,,,,,,,,,,,,,,,,,,,,,,,,,,,,,,,,,,,,,,,,,,,,,,,,,,,,,,,,,,,,,,,,,,,,,,,,,,,,,,,,,,,,,,,,,,,,,,,,,,,,,,,,,,,,,,,,,,,,,,,,,,,,,,,,,,,,,
FIBER-OPTIC-SENSOR-CABLE,Fiber Optic Sensor Cable,fiber-optic-sensor-cable,laser-nozzle,wsx-ospri,SPARE_PART,"We can deliver the WSX, Ospri,Precitec,Bodor,HSG,Raytools sensor cable for fiber laser cutting machine","We can deliver the WSX, Ospri,Precitec,Bodor,HSG,Raytools sensor cable for fiber laser cutting machine",Polycap,WSX/Ospri,Laser cutting machine,Fiber Laser,,,,,,,,,,,,,8000 mm/s,,,WSX/Ospri Sensor Cable,,,0.3mm,Yes,,,,,,,,,,,,,,,,,,,,,,,,,,,,,,,,,,,,10-30V,,,,,,,,,,,,,,,,,,,,,,,,,,,,,,,,,,,,,,,,,,,,,,,,,,,,,,,,,,,,,,,,,,,,,,,,,,,,,,,,,,,,,,,,,,,,,,,,,,,,,,,,,,,,,,,,,,,,,,,,,,,,,,,,,,,,,,,,,,,,,,,,,,,,,,,,
FIBER-LASER-CUTTING-MACHINE-NOZZLE,Fiber Laser Cutting Machine Nozzle,fiber-laser-cutting-machine-nozzle,laser-nozzle,centricut,SPARE_PART,We can deliver the EBD laser nozzle for laser cutting machine all across india.,"We can deliver the EBD laser nozzle for laser cutting machine all across india.
A fiber laser cutting machine nozzle is a critical consumable tip on the cutting head that directs the focused laser beam and high-pressure assist gas (like oxygen or nitrogen) onto the material, blowing away molten debris for clean cuts, protecting the focusing lens from back-splash, and ensuring precise, efficient cutting by controlling gas flow and maintaining beam concentricity, with types ranging from single-layer to dual-layer designs for different applications.",Copper,Centricut,Laser cutting machine,Fiber Laser,Light brown,,,,,,,,,,,,5000 mm/s,"1mm, 0.8mm to 2.7mm",,EBD Laser Nozzle,,,0.3mm,yes,,,,,,,,,,,,,,,,,,,,,,,,,,,,,,,,,,,,,,,,,,,,,,,,,,,,,,,,,,,,,,,,,,,,,,,,,,,,,,,,,,,,,,,,,,,,,,,,,,,,,,,,,,,,,,,,,,,,,,,,,,,,,,,,,,,,,,,,,,,,,,,,,,,,,,,,,,,,,,,,,,,,,,,,,,,,,,,,,,,,,,,,,,,,
DOUBLE-LAYERS-RAYTOOLS-LASER-NOZZLE-2,Double Layers Raytools Laser Nozzle,double-layers-raytools-laser-nozzle-2,laser-nozzle,raytools,SPARE_PART,We can deliver Raytools double layer nozzle having 32 mm diameter and 15mm height for fiber laser cutting machine,We can deliver Raytools double layer nozzle having 32 mm diameter and 15mm height for fiber laser cutting machine,Copper,Raytools,Laser cutting machine,Fiber Laser,Light brown,,,,"32mm, 1mm",,,,,,,,8000 mm/s,,,Raytools 32 dia double nozzle,,15mm,0.3mm,yes,,,,,,,,,,,,,,,,,,,,,,,,,,,,,,,,,,,,,,,,,,,,,,,,,,,,,,,,,,,,,,,,,,,,,,,,,,,,,,,,,,,,,,,,,,,,,,,,,,,,,,,,,,,,,,,,,,,,,,,,,,,,,,,,,,,,,,,,,,,,,,,,,,,,,,,,,,,,,,,,,,,,,,,,,,,,,,,,,,,,,,,,,,,,
LASER-WELDING-NOZZLE,Laser Welding Nozzle,laser-welding-nozzle,laser-nozzle,mazak,SPARE_PART,We can provide laser welding nozle at a very economical rate all across india for laser cutting machines,We can provide laser welding nozle at a very economical rate all across india for laser cutting machines,,mazak,laser cutting,Fiber Laser,,,,,,,,,,,,,5000 mm/s,20mm,,,,,,yes,,,,,,,,,,,,,,,,,Cables,,,,,,,,,,,,,,,,,,,,,,,,,,,,,,,,,,,,,,,,,,,,,,,,,,,,,,,,,,,,,,,,,,,,,,,,,,,,,,,,,,,,,,,,,,,,,,,,,,,,,,,,,,,,,,,,,,,,,,,,,,,,,,,,,,,,,,,,,,,,,,,,,,,,,,,,,,,,,,,,,,,,,,,,,,,
RAYTOOL-LASER-CUTTING-NOZZLE,Raytool Laser Cutting Nozzle,raytool-laser-cutting-nozzle,laser-nozzle,raytools,SPARE_PART,,,,RayTools,,,Golden,Made in India,,,,,,,,,Raytool Laser Cutting Nozzle,,,1mm,,,,,,,,,,,,,,,,,,,,,,,,,,,,,,,,,,,,,,,,,,,,,,,,,,,,,,,,,,,,,,,,,,,,,,,,,,,,,,,,,,,,,,,,,,,,,,,,,,,,,,,,,,,,,,,,,,,,,,,,,,,,,,,,,,,,,,,,,,,,,,,,,,,,,,,,,,,,,,,,,,,,,,,,,,,,,,,,,,,,,,,,,,,,,,,,,,
RAYTOOLS-SENSOR-HEAD-TRA-NOZZLE-ASSEMBLY,RayTools Sensor Head TRA Nozzle Assembly,raytools-sensor-head-tra-nozzle-assembly,laser-nozzle,raytools-sensor-head,SPARE_PART,,,SS,RayTools Sensor Head,,,Silver,Made in India,,,,,,,,,TRA Nozzle Assembly,,,1mm,,,,,,,,,,,,,,,,,,,,,,,,,,,,,,,,,,,,,,,,,,,,,,,,,,,,,,,,,,,,,,,,,,,,,,,,,,,,,,,,,,,,,,,,,,,,,,,,,,,,,,,,,,,,,,,,,,,,,,,,,,,,,,,,,,,,,,,,,,,,,,,,,,,,,,,,,,,,,,,,,,,,,,,,,,,,,,,,,,,,,,,,,,,,,,,,,,
BULLET-NOZZLE-CONNECTOR-I-M14,Bullet Nozzle Connector I M14,bullet-nozzle-connector-i-m14,laser-nozzle,raytools,SPARE_PART,,,Brass,Raytools,,,Golden,Made in India,,,,,,,,,Bullet Nozzle Connector I M14,,,1mm,,,,,,,,,,,,,,,,,,,,,,,,,,,,,,,,,,,,,,,,,,,,,,,,,,,,,,,,,,,,,,,,,,,,,,,,,,,,,,,,,,,,,,,,,,,,,,,,,,,,,,,,,,,,,,,,,,,,,,,,,,,,,,,,,,,,,,,,,,,,,,,,,,,,,,,,,,,,,,,,,,,,,,,,,,,,,,,,,,,,,,,,,,,,,,,,,,
FIBER-LASER-HIGH-SPEED-NOZZLE,Fiber Laser High Speed Nozzle,fiber-laser-high-speed-nozzle,laser-nozzle,raytools,SPARE_PART,,,Copper,Raytools,,Fiber,,,,,28 mm,,,,,,Double Layer,,,,,,,,,,,,,,,,,,,,3-15 kw,,,,Chrome Plated,,,,,,,M11,,,,,,,,,,,,,,,,,,,,,,,,,,,,,,,,,,,,1.5-3.5 mm,,,,,,,,,,,,,,,,,,,,,,,,,,,,,,,,,,,,,,,,,,,,,,,,,,,,,,,,,,,,,,,,,,,,,,,,,,,,,,,,,,,,,,,,,,,,,,,,,,,,,,,,,,,,,,,,,,,,,,,,,,,,,,,,,,
DNE-SMALL-NOZZLE,Dne Small Nozzle,dne-small-nozzle,laser-nozzle,raytools,SPARE_PART,,,Copper,Raytools,,Fiber,,,,,15 mm,,,,,,Double Layer,,,,,,,,,,,,,,,,,,,,1-20 kw,,,,,,,,,,,M12,,,,,,,,,,,,,,,,,,,,,,,,,,,,,,,,,,,,,,,,,,,,,,,,,,,,,,,,,,,,,,,,,,,,,,,,,,,,,,,,,,,,,,,,,,,,,,,,,,,,,,,,,,,,,,,,,,,,,,,,,,,,,,,,,,,,,,,,,,,,,,,,,,,,,,,,,,,,,,,,,,,,,,
WSX-PRECITEC-NOZZLE-DIA-28,Wsx / Precitec Nozzle Dia-28,wsx-precitec-nozzle-dia-28,laser-nozzle,wsx,SPARE_PART,,,Copper,WSX,,Fiber,,,,,28 mm,,,,,,Single Layer,,,,,,,,,,,,,,,,,,,,1-20 kw,,,,,,,,,,,M11,,,,,,,,,,,,,,,,,,,,,,,,,,,,,,,,,,,,,,,,,,,,,,,,,,,,,,,,,,,,,,,,,,,,,,,,,,,,,,,,,,,,,,,,,,,,,,,,,,,,,,,,,,,,,,,,,,,,,,,,,,,,,,,,,,,,,,,,,,,,,,,,,,,,,,,,,,,,,,,,,,,,,,
RAYTOOL-CUTTING-NOZZLE-DIA-32,Raytool Cutting Nozzle Dia-32,raytool-cutting-nozzle-dia-32,laser-nozzle,raytools,SPARE_PART,"A Raytools Cutting Nozzle Dia-32 is a high-quality copper tip for fiber laser cutting heads, featuring a 32mm outer diameter, 15mm height, and M14 (or sometimes M11) thread, available in single or double-layer designs, crucial for directing gas flow (like nitrogen or oxygen) for clean, precise cuts on metal, with varying internal calibers (e.g., 0.8mm-5.0mm) to match laser power and material thickness, ensuring excellent heat dissipation and durability.","A Raytools Cutting Nozzle Dia-32 is a high-quality copper tip for fiber laser cutting heads, featuring a 32mm outer diameter, 15mm height, and M14 (or sometimes M11) thread, available in single or double-layer designs, crucial for directing gas flow (like nitrogen or oxygen) for clean, precise cuts on metal, with varying internal calibers (e.g., 0.8mm-5.0mm) to match laser power and material thickness, ensuring excellent heat dissipation and durability.",Copper,Raytools,,Fiber,,,,,32,,,,,,Single Layer,,,,,,,,,,,,,,,,,,,,1-20 kw,,,,Chrome Plated,,,,,,,M14,,,,,,,,,,,,,,,,,,,,,,,,,,,,,,,,,,,,0.8-3 mm,,,,,,,,,,,,,,,,,,,,,,,,,,,,,,,,,,,,,,,,,,,,,,,,,,,,,,,,,,,,,1500-1800 degree c,,,,,,,,,,,,,,,,,,,,,,,,,,,,,,,,,,,,,,,,,,,,,,,,,,,,,,,,,,,,,,,,,,,,,
D28-FAST-SINGLE-LAYER-NOZZLE,D28 Fast Single Layer Nozzle,d28-fast-single-layer-nozzle,laser-nozzle,,SPARE_PART,Type – Spare Parts for Raytools Cutting HeadDiameter – 32 mmThread – M11Material – Red &amp; Pure Copper with chromeHeight – 15 mmCaliber – 0.8mm-2mmUsage : For Fiber Laser Cutting Machine,Type –  Spare Parts for Raytools Cutting HeadDiameter –  32 mmThread –  M11Material –  Red &amp; Pure Copper with chromeHeight –  15 mmCaliber – 0.8mm-2mmUsage : For Fiber Laser Cutting Machine,Copper,,Laser Cutting Machine,Fiber Laser,Brown,,,,,,,,,,,,10000 mm/s,32mm,,,,H15 mm,0.01,,,,,,,,,,,,,,,,,,,,,,,,,,,,,,,,,,,,,,,,,,,,,,,,,,,,,,,,,,,,,,,,,,,,,,,,,,,,,,,,,,,,,,,,,,,,,,,,,,,,,,,,,,,,,,,,,,,,,,,,,,,,,,,,,,,,,,,,,,,,,,,,,,,,,,,,,,,,,,,,,,,,,,,,,,,,,,,,,,,,,,,,,,,,,
RAYTOOLS-NOZZLE-HOLDER,Raytools Nozzle Holder,raytools-nozzle-holder,laser-nozzle,raytools,SPARE_PART,We can provide the Raytools nozzle holder at a very economical rate all across india for laser cutting machines,We can provide the Raytools nozzle holder  at a very economical rate all across india for laser cutting machines,Tungsten Carbide,Raytools,For Laser Machine Spare Parts,,,,,,,,,,,,Ceramic,,,,5 inch,,,,,,,,,,30mm,,,,,,,,,,,,,,,,,,,,,15mm,,,,,,,,,,,,,,,,,,,,,,,,,,,,,,,,,,,,,,,,,,,,,,,,,,,,,,,,,,,,,,,,,,,,,,,,,,,,,,,,,,,,,,,,,,,,,,,,,,,,,,,,,,,,,,,,,,,,,,,,,,,,,,,,,,,,,,,,,,,,,,,,,,,,,,,,,,,,,,,,,,
LASER-SAFETY-GOGGLES,Laser Safety Goggles,laser-safety-goggles,laser-safety-goggles,karam,SPARE_PART,"We can deliver Laser safety googles used to protect while working on laser cutting machine Laser safety goggles are specialized eyewear with optical filters that block or attenuate dangerous laser wavelengths (UV, visible, IR) to safe levels, protecting sensitive eyes from severe, permanent damage like retinal burns or cataracts, featuring high optical density (OD) ratings, often colored lenses, and designed for complete eye coverage with features like adjustable straps and v","We can deliver Laser safety googles used to protect while working on laser cutting machine

Laser safety goggles are specialized eyewear with optical filters that block or attenuate dangerous laser wavelengths (UV, visible, IR) to safe levels, protecting sensitive eyes from severe, permanent damage like retinal burns or cataracts, featuring high optical density (OD) ratings, often colored lenses, and designed for complete eye coverage with features like adjustable straps and ventilation for comfort, fitting over glasses if needed. They are essential personal protective equipment (PPE) for anyone working with or near lasers, ensuring safety beyond the natural blink reflex.",Acrylic,Karam,,,Transparent,Made in India,,,,laser protection goggle,,,,,,,,,,,,,,,,,,,,,,,,,,,,,,,,,,,,,,,,,,,,,,,,,,,,,,,,,,,,,,,,,,,,,,,,,,,,,,,,,,,,,,,,,,,,,,,,,,,,,,,,,,,,,,,,,,,,,,,,,,,,,,,,,,,,,,Plastic,Glass,,,,,,,,,,,,,,,,,,,,,,,,,,,,,,,,,,,,,,,,,,,,,,,,,,,,,,,,,,,,,,,,,,,
IPA-SPRAY-FOR-LASER-CUTTING-MACHINE,IPA Spray For Laser Cutting Machine,ipa-spray-for-laser-cutting-machine,lens-cleaner,kontakt,SPARE_PART,IPA Spray for laser cutting machine,IPA Spray for laser cutting machine,,Kontakt,,,Black,Made in India,Electronics Cleaning,,,,,,,,IPA Spray,,,,200 ml,,,,,,,,,,,,,,,,,,,,,,,,,,,,,,,,,,,,,,,,,,,,,,,,,,,,,,,,,,,,,,,,,,,,,,,,,,,,,,,,,,,,,,,,,,,,,,,,,,,,,,,,,,,,,,,,,,,,,,,,,,,,,,,Isopropyl Alcohol,Solvent Based,,,,,,,,,,,,,,,,,,,,,,,,,,,,,,,,,,,,,,,,,,,,,,,,,,,,,,,,,,,,,,,,,
PROPANOL-LENS-CLEANER,Propanol Lens Cleaner,propanol-lens-cleaner,lens-cleaner,,SPARE_PART,Propanol lens Cleaner,Propanol lens Cleaner,,,,,Transparant,,,,,,,,,,lens Cleaner,,,,,Propanol lens Cleaner,,,,,,,,,,,,,,,,,,,,,,,,,,,,,,,,,,,,,,,,,,Streak Free,,,,,,,,,,,,,,,,,,,,,Spray,5 ml,,,,,,,,,,,,,,,,,,,,,,,,,,,,,,,,,,,,,,,,,,,,,,,,,,,,,,,,,,,,,,,,Chemical Grade,,,,,,,,,,,,,,,,,,,,,,,,,,,,,,,,,,,,,,,,,,,,,,,,,,,,,,,,,,,,,,,,
TIFFIN-LENS-CLEANING-PAPER,Tiffin Lens Cleaning Paper,tiffin-lens-cleaning-paper,lens-cleaning-tissue,,SPARE_PART,We can provide Tiffen Lens Cleaning paper at a very economical rate all across india for laser cutting machines,We can provide Tiffen Lens Cleaning paper at a very economical rate all across india for laser cutting machines,,,,,White and Blue,,,,,,,Rectangular,,,,,,,6 x 8 inch (H x L),,,,,,,,,,,,,,,,,Lens Cleaning,,,,,,,,,,,,,,,,,,,,,,,,,,,,,,,,,,,,,,,,,,,,,,,,,,,,,,,,,,,,,,,,,,,,,,,,,,,,,,,,,,,,,,,,,,,,,,,,,,,,,,,,,,,,,,,,,Plain,,,,,,,,,,,,,,,,,,,,,,,,,,,,,,,,,,,,,,,,,,,,,,,,,,,,,,,,,,,,,,,
TIFFEN-LENS-CLEANING-PAPER,Tiffen Lens Cleaning Paper,tiffen-lens-cleaning-paper,lens-cleaning-tissue,tiffen,SPARE_PART,Tiffen Lens Cleaning Paper – 1 Tissue Packs Of 50 Sheets,Tiffen Lens Cleaning Paper – 1 Tissue Packs Of 50 Sheets,Paper,Tiffen,,,,,,,,,,,,,,,,,,EK1546027T2,,,,,,,,,,,,,,,,,,,,30 Wipes,,,,,,,,,,,,,,,,,,,,,,,,,,,,,,,,,,,,,,,,,,,,,Pre Moistened,Cotton,,,,,,,,,,,,,,,,,,,,,,,,,,,,,,,,,,,,,,,,,,,,,,,,,,,,,,,,,,,,,,,,Lens Cleaning,Pack Of 50 Pieces,,,,,,,,,,,,,,,,,,,,,,,,,,,,,,,,,,,,,,,,,,,,,,,,,,,,,,,,,,,,,
LENS-CLEANING-PAPER-TIFFEN,Lens Cleaning Paper - TIFFEN,lens-cleaning-paper-tiffen,lens-cleaning-tissue,tippen,SPARE_PART,,,,Tippen,,,,,,,,,,,,,,,,,,,,,,,,,,,,,,,,,,,,,,30 Wipes,,,,,,,,,,,,,,,,,,,Pouch Pack,,,,,,,,,,,,,,,,,,,,,,,,,,Pre Moistened,Non Woven,India,,,,,,,,,,,,,,,,,,,,,,,,,,,,,,,,,,,,,,,,,,,,,,,,,,,,,,,,,,,,,,,,,10 x 12 cm,,,,,,,,,,,,,,,,,,,,,,,,,,,,,,,,,,,,,,,,,,,,,,,,,,,,,,,,,,,,
OPTICAL-LENS-CLEANER,Optical Lens Cleaner,optical-lens-cleaner,liquid-cleaner,tiffen,SPARE_PART,,,,Tiffen,,,White(Bottle Color),,,,,,,,,,,,,,100ml,,,,,,,,,,,,,,,,,Lens Cleaner,,,,,,,,,,,,,,,,,,,,,,,Bottle,,,Streak Free,,,,,,,,,,,,,,,,,,,,,Spray,5 ml,,,,Female,,,,,,,,,,,,,,,,,,,,,,,,,,,,,,,,,,,,,,,,,,,,,,,,,,,,,,,,,,,,,,,,,,,,,,,,,,,,,,,,,,,,,,,,,,,,,,,,,,,,,,,,,,,,,,,,,,,,,,,,,,,,
CERAMIC-NOZZLE-HOLDER,Ceramic Nozzle Holder,ceramic-nozzle-holder,nozzle-holder,trumpf,SPARE_PART,We can provide White ceramic nozzle holder at a very economical rate all across india for laser cutting machines,We can provide White ceramic nozzle holder at a very economical rate all across india for laser cutting machines,Ceramic,TRUMPF,laser cutting,,WHITE,,,,,,,,,,,,,,3 inch,,,,,,,,,,,,,,,,,,,,,,,,,,,,,,,,,,,,,,,,,,,Ceramic nozzles,,,,,,,,,,,,,,,,,,,,,,,,,,,,,,,,,,,,,,,,,,,,,,,,,,,,,,,,,,,,,,,,,,,,,,,,,,,,,,,,,,,,,,,,,,,,,,,,,,,,,,,,,,,,,,,,,,,,,,,,,,,,,,,,,,,,,,,,,,,,,,,,,,,,,,
CERAMIC-NOZZLE-HOLDER-2,Ceramic Nozzle Holder,ceramic-nozzle-holder-2,nozzle-holder,,SPARE_PART,,,Ceramic and SS,,Nozzle Holder,,White and Silver,,,,,,,,,,,,,,1 inch,,,,,,,,,,,,,,,,,,,,,,,,,,,,,,,8 mm,,,,,,,,,,,,,,,,Gloss Finishing,,,,,,,,,,,,,,,,,,,,,,,,,,,,,,,,,,,,,,,,,,,,,,,,,,,,,,,,,,,,,,,,,,,,,,,,,,,,,,,,,,,,,,,,,,,,,,,,,,,,,,,,,,,,,,,,,,,,,,,,,,,,,,,,,,,,,,,,,,,,,,,,,,
BODOR-D32-DOUBLE-LAYER-NOZZLE,Bodor D32 Double Layer Nozzle,bodor-d32-double-layer-nozzle,nozzle,,SPARE_PART,DMK S32 H15 M14 double layers hexagon bodor Laser Nozzle 0.8-5.0mm fiber Laser cutting Nozzle.It is designed to control the airflow and assist in the delivery of cutting gases to the workpiece during the cutting process.,"DMK S32 H15 M14 double layers hexagon bodor Laser Nozzle 0.8-5.0mm fiber Laser cutting Nozzle.It is designed to control the airflow and assist in the delivery of cutting gases to the workpiece during the cutting process. This single nozzle is made with high-quality materials, ensuring durability and improved cutting performance.",Copper,,Laser Cutting Machine,Fiber Laser,Brown,,Laser cutting Machine,,,,,,,,Nozzle,Box Packing,10000 mm/s,32mm,,,,,0.01,,,,,,,,,,,,,,,,,,fiber laser,,,,,,,,,,,,,,,,,,,,,,,,,,,,,,,,,,,,,,,,,,,,,,,,,,,,,,,,,,,,,,,,,,,,,,,,,,,,,,,,,,,,,,,,,,,,,,,,,,,,,,,,,,,,,,,,Double,HD,,,,,,,,,,,,,,,,,,,,,,,,,,,,,,,,,,,,,,,,,,,,,,,,,,,,,,,,,,
CONVEX-LENS-FOR-LASER,Convex Lens For Laser,convex-lens-for-laser,optical-lenses,,SPARE_PART,"A convex lens for a laser is a converging optic, typically Plano-Convex (PCX) or Double Convex, designed to focus parallel laser beams to a small spot or collimate diverging light from a source, crucial for applications like cutting, engraving, alignment, and beam expansion, often featuring special coatings for specific wavelengths (e.g., CO2, Fiber) to manage reflection and thermal load.","A convex lens for a laser is a converging optic, typically Plano-Convex (PCX) or Double Convex, designed to focus parallel laser beams to a small spot or collimate diverging light from a source, crucial for applications like cutting, engraving, alignment, and beam expansion, often featuring special coatings for specific wavelengths (e.g., CO2, Fiber) to manage reflection and thermal load. These lenses are defined by their outward curve, positive focal length, and materials like BK7, Fused Silica, or ZnSe, with precision depending on application needs.",Glass,,Laser Lens,,,Made in India,,10 mm,,Plano Convex,,Convex,,,convex lens,,,,,,,,,,,,,,,,,,,,,,,,,,,,,,,,,,,,,,,,,,,,,,,,,,,,,,,,,,,,,,,,,,,,,,,,,,,,,,,,,,,,,,,,,,,,,,,,,,,,,,,,,,,,,,,,,,,,,,,,,,,,,,,,,,,,,,,,,,,,,,,,,,,,,,,,,,,,,,,,,,,,,,,,,,,,,,,,,,,,,,,,,,,,,,,,,,,,,
PLASMA-CUTTING-MACHINE-NOZZLE,Plasma Cutting Machine Nozzle,plasma-cutting-machine-nozzle,plasma-consumables,,SPARE_PART,We can provide plasma cutting machine nozzle at a very economical rate all across india for laser cutting machines,We can provide plasma cutting machine nozzle at a very economical rate all across india for laser cutting machines,Copper,,PLASMA CUTTING MACHINE,,RED COPPER,,,,,,,,,,,,,,,CB150 ELECTRODE NOZZLE PR0034 PD0026,,,,,,,,,,,,,,,,,,,,,,,,,,,,,,,,,,,,,,,,,,,,,,,,,,,,,,,,,,,,,,,,,,,,,,,,,,,,,,,,,,,,,,,,,,,,,,,,,,,,,,,,,,,,,,,,,,,,,,,,,,,,,,,,,,,,,,,PT31,30A,0.8 mm,PLASMA NOZZLE,Cutting torch,,,,,,,,,,,,,,,,,,,,,,,,,,,,,,,,,,,,,,,,,,,,,,,,,,,,,
AIR-FILTER-DONALDSON,Air Filter Donaldson,air-filter-donaldson,pneumatic-air-filter,donaldson,SPARE_PART,,,Plastic,Donaldson,Air Filter,,White and Black,,,,,,,Round,,,,,,,,X009745,,,,,,,,,,,,,,,,,,,,,,,,,,,,,,,,,,,,,,,,,Semi-Automatic,,,,,,,,,,,,,,,,,,,,,,,,,,,,Reusable,,,,,,,,,,,,,,,,,,,,,,,,,,,,,,,,,,,,,,,,,,,,,,,,,,,,,,,,,,,,,,,,,,,,,,,TATA 407,,,,,,,,,,,,,,,,,,,,,,,,,,,,,,,,,,,,,,,,,,,,,,,,,,,,
FESTO-PNEUMATIC-AIR-FILTERS-FOR-LASER-CUTTING-MACHINE,Festo Pneumatic Air Filters for laser cutting machine,festo-pneumatic-air-filters-for-laser-cutting-machine,pneumatic-air-filter,festo,SPARE_PART,,,Aluminum,Festo,Hospital and Clinic,,Round,,,,,,,Round,,,,,,,,,,,,,,,,,,,,,,,,,,,,,,,,,,,,,,,,,,,,,,,,,Automatic,,,,,,,,,,,,,,,,,,,,,,,,,,,,Reusable,,,,,,,,,,,,,,,,,,,,,,,,,,,,,,,,,,,,,,,,,,,,,,,,,,,,,,,,,,,,,,,,,,,,,,,,,,,,,,,,,,,,,,,,,,,,,,,,,,,,,,,,,,,,,,,,,,,,,,,,,,,
MAZAK-LASER-CONSUMABLES,Mazak Laser Consumables,mazak-laser-consumables,precision-machined-components,mazak,SPARE_PART,We can provide Mazak laser consumables at a very economical rate all across india for laser cutting machines,We can provide Mazak laser consumables at a very economical rate all across india for laser cutting machines,Mild Steel,Mazak,laser cutting,CO2,Copper,Made in India,laser cutting,,,,,,,,,Box,5000 mm/s,20mm,,,,,,yes,,,,,,,,,,,,,,,,,,,,,,,,,,,,,,,,,,,,,,,,,,,,,,,,,,,,,,,,,,,,,,,,,,,,,,,,,,,,,,,,,,,,,,,,,,,,,,,,,,,,,,,,,,,,,,,,,,,,,,,,,,,,,,,,,,,,,,,,,,,,,,,,,,,,,,,,,,,,,,,,,,,,,,,,,,,,,,,,,,,,,,,,,,,,
32X2-PROTECTIVE-LENS,32X2 Protective Lens,32x2-protective-lens,protective-lens,,SPARE_PART,,,Fused Silica,,,CO2,,,Cutting,50 mm,,Plano Convex,355 nm,,<50 W,AR 355 nm,,,,,,,,,,,,,,,,,,,,,,,,,,,,,,,,,,,,,,,,,,,,,,,,,,,,,,,,,,,,,,,,,,,,,,,,,,,,,,,,,,,,,,,,,,,,,,,,,,,,,,,,,,,,,,,,,,,,,,,,,,,,,,,,,,,,,,,,,,,,,,,,,,,,,,,,,,,,,,,,,,,,,,,,,,,,,,,,,,,,,,,,,,,,,,,,,,,,,,
RAYTOOLS-ORIGINAL-PROTECTIVE-LENS,RayTools Original Protective Lens,raytools-original-protective-lens,protective-lens,,SPARE_PART,,,Fused Silica,,,CO2,,,,50 mm,,Plano Convex,355 nm,,<50 W,AR 355 nm,,,,,,,,,,,,,,,,,,,,,,,,,,,,,,,,,,,,,,,,,,,,,,,,,,,,,,,,,,,,,,,,,,,,,,,,,,,,,,,,,,,,,,,,,,,,,,,,,,,,,,,,,,,,,,,,,,,,,,,,,,,,,,,,,,,,,,,,,,,,,,,,,,,,,,,,,,,,,,,,,,,,,,,,,,,,,,,,,,,,,,,,,,,,,,,,,,,,,,
FIBER-PROTECTIVE-LENS,Fiber Protective Lens,fiber-protective-lens,protective-lens,,SPARE_PART,"A Protective Lens 38x2 15kW is a crucial optical component for high-power fiber laser cutting machines, typically made from fused silica, designed to shield the focusing lens from contaminants like dust and molten spatter, ensuring optical clarity, minimal power loss, and extended lifespan for the laser head, with specific dimensions (38mm diameter, 2mm thickness) compatible with brands like RayTools for up to 15KW power levels.","A Protective Lens 38x2 15kW is a crucial optical component for high-power fiber laser cutting machines, typically made from fused silica, designed to shield the focusing lens from contaminants like dust and molten spatter, ensuring optical clarity, minimal power loss, and extended lifespan for the laser head, with specific dimensions (38mm diameter, 2mm thickness) compatible with brands like RayTools for up to 15KW power levels.",Fused Silica,,,Fiber,,,Cutting,38/2,,Protective Lens,38,,<50 W,,,,,,,,,,,,,,,,,,,,,,,,,,,,,,,,,,,,,,,,,,,,,,,,,,,,,,,,,,,,,,,,,,,,,,,,,,,,,,,,,,,,,,,,,,,,,,,,,,,,,,,,,,,,,,,,,,,,,,,,,,,,,,,,,,,,,,,,,,,,,,,,,,,,,,,,,,,,,,,,,,,,,,,,,,,,,,,,,,,,,,,,,,,,,,,,,,,,,,,
RAYTOOL-PROTECTIVE-LENS,Raytool Protective Lens,raytool-protective-lens,protective-lens,,SPARE_PART,,,Fused Silica,,,CO2,,,Cutting,50 mm,,Plano Convex,355 nm,,<50 W,AR 355 nm,,,,,,,,,,,,,,,,,,,,,,,,,,,,,,,,,,,,,,,,,,,,,,,,,,,,,,,,,,,,,,,,,,,,,,,,,,,,,,,,,,,,,,,,,,,,,,,,,,,,,,,,,,,,,,,,,,,,,,,,,,,,,,,,,,,,,,,,,,,,,,,,,,,,,,,,,,,,,,,,,,,,,,,,,,,,,,,,,,,,,,,,,,,,,,,,,,,,,,
WEIHONG-REMOTE-CONTROLLER,Weihong Remote Controller,weihong-remote-controller,remote-controller,raytools,SPARE_PART,,,,Raytools,,Weihong Remote Controller,,Made in India,,,,,,,,,,Remote Controller,,,,,,,,,6000 mm/s,,,,,,,,,,,,,,,,,,,,,,,,,,,,,,,,,,,,,,,,,,,,,,,,,,,,,,,,,,,,,,,,,,,,,,,,,,,,,,,,,,,,,,,,,,,,,,,,,,,,,,,,,,,,,,,,,,,,,,,,,,,,,,,,,,,,,,,,,,,,,,,,,,,,,,,,,,,,,,,,,,,,,,,,,,,,,,,,,,,,,,,,,,,
CYPCUT-REMOTE-CONTROLLER,Cypcut Remote Controller,cypcut-remote-controller,remote-controller,raytools,SPARE_PART,,,,Raytools,,Cypcut Remote Controller,Orange,Made in India,,,,,,,,,,,,,,,,,,,6000 mm/s,,,,,,,,,,,,,,,,,,,,,,,,,,,,,,,,,,,,,,,,,,,,,,,,,,,,,,,,,,,,,,,,,,,,,,,,,,,,,,,,,,,,,,,,,,,,,,,,,,,,,,,,,,,,,,,,,,,,,,,,,,,,,,,,,,,,,,,,,,,,,,,,,,,,,,,,,,,,,,,,,,,,,,,,,,,,,,,,,,,,,,,,,,,
6000MM-S-RAYTOOL-REMOTE-CONTROLLER,6000mm/s Raytool Remote Controller,6000mm-s-raytool-remote-controller,remote-controller,raytools,SPARE_PART,,,,Raytools,,Raytool Remote Controller - Ecat,,Made in India,,,,,,,,,,Ecat,,,,,,,,,6000 mm/s,,,,,,,,,,,,,,,,,,,,,,,,,,,,,,,,,,,,,,,,,,,,,,,,,,,,,,,,,,,,,,,,,,,,,,,,,,,,,,,,,,,,,,,,,,,,,,,,,,,,,,,,,,,,,,,,,,,,,,,,,,,,,,,,,,,,,,,,,,,,,,,,,,,,,,,,,,,,,,,,,,,,,,,,,,,,,,,,,,,,,,,,,,,
RAYTOOLS-WEIHONG-REMOTE-CONTROLLER,Raytools Weihong Remote Controller,raytools-weihong-remote-controller,remote-controller,raytools,SPARE_PART,,,ABS Material,Raytools,Weihong WHBO5S Remote Controller,,,Made in India,,,,,,,,,,,,,,,,,,,,,,,,,,,,,,,,,,,,,,,,,,,,,,,,,,,,,,,,,,,,,,,,,,,,,,,,,,,,,,,,,,,,,,,,,,,,,,,,,,,,,,,,,,,,,,,,,,,,,,,,,,,,,,,,,,,,,,,,,,,,,,,,,,,,,,,,,,,,,,,,,,,,,,,,,,,,,,,,,,,,,,,,,,,,,,,,,,,,,,,,,,,,,,
BODOR-REMOTE-CONTROLLER,Bodor Remote Controller,bodor-remote-controller,remote-controller,bodor,SPARE_PART,,,Abs Plastic,Bodor,Bodor Remote Controller,,,Made in India,,,,,,,,,,,,,,,,,,,,,,,,,,,,,,,,,,,,,,,,,,,,,,,,,,,,,,,,,,,,,,,,,,,,,,,,,,,,,,,,,,,,,,,,,,,,,,,,,,,,,,,,,,,,,,,,,,,,,,,,,,,,,,,,,,,,,,,,,,,,,,,,,,,,,,,,,,,,,,,,,,,,,,,,,,,,,,,,,,,,,,,,,,,,,,,,,,,,,,,,,,,,,,
ROUND-RUBBER-BELLOWS,Round Rubber Bellows,round-rubber-bellows,rubber-bellows,,SPARE_PART,"Company established in year 2016, aiming to providing all types laser cutting machine consumables, to fiber and Co2 machines.","Company established in year 2016, aiming to providing all types laser cutting machine consumables, to fiber and Co2 machines.",,,Automobile Industry,,black,Made in India,,,,,,,,,,box,,,100 mm,,,,,,,,,,,,,,,,,,,,,,,,,,,,,,,,,,,,,,,,,,,,,,,,,,,,,,,,,,,,,,,,,,,,,,,,,,,,,,,,,,,,,,,,,,,,,,,,,,,,,,,,,,,,,,,,,,,,,,,,,,,,,,,,,,,,,,,,,,,,,,,,,,,,,,,,,,,,,,,,,,,,,,,,,,,,,,,,,,,,,,,,,,,,,,,,,
BELLOW-FLEXIBLE-COUPLING,Bellow Flexible Coupling,bellow-flexible-coupling,rubber-bellows,,SPARE_PART,"Folding Bellows A Bellows Flexible Coupling connects rotating shafts, using a thin, flexible metal (often stainless steel) bellows to transmit torque while perfectly compensating for axial, radial, and angular shaft misalignments, offering zero backlash and high torsional stiffness for precise, high-speed applications in robotics, CNC, and medical equipment.","Folding Bellows A Bellows Flexible Coupling connects rotating shafts, using a thin, flexible metal (often stainless steel) bellows to transmit torque while perfectly compensating for axial, radial, and angular shaft misalignments, offering zero backlash and high torsional stiffness for precise, high-speed applications in robotics, CNC, and medical equipment.",Rubber Bellows,,laser cutting bellows,,Black,Made in India,,,,,,C - Type,,,,,,,,,,,,,,,,,,,,,,,,,,,,,,,,,,,,,,,,,,,,,,,,,,,,,Magnetic coupling,,,,,,,,,,,,,,,,,,,,,,,,,,,,,,,,,,,,,,,,,,,,,,,,,,,,,,,,,,,,,,,,,,,,,,,,,,,,,,,,,,,,,,,,,,,,,,,,9 inch,,,,,,,,,,,,,,,,,,,,,,,,,,,,,,,,,,,,,,,,,,,,,,,,,,,
WSX-NC63-SENSOR-HEAD,WSX NC63 Sensor Head,wsx-nc63-sensor-head,senso-head,raytools,SPARE_PART,,,,Raytools,,NC63,Silver,Made in India,,,,,,,,,,,,,,,,,,,6000 mm/s,,,,,,,,,,,,,,,,,,,,,,,,,,,,,,,,,,,,,,,,,,,,,,,,,,,,,,,,,,,,,,,,,,,,,,,,,,,,,,,,,,,,,,,,,,,,,,,,,,,,,,,,,,,,,,,,,,,,,,,,,,,,,,,,,,,,,,,,,,,,,,,,,,,,,,,,,,,,,,,,,,,,,,,,,,,,,,,,,,,,,,,,,,,
30-BAR-SMC-SOLENOID-VALVE,30 Bar SMC Solenoid Valve,30-bar-smc-solenoid-valve,smc-solenoid-valve,raytools,SPARE_PART,,,Stainless Steel,Raytools,,,,,Laser Machine,,,,,Square,,,,,,,,,,,,,,,,,,,,,,,,,,,,,,,,,,,1/4 inch,,,,,,,,,,,,,,,,,,,,,,,,,,,,,,,,,,,,,,,,,,,,,,,,,,,,,,,,,,,,,,,,,,,,,,,,,,,,,,,,,,,,,,,,,,,,,,,,,,,,,,,,,,,,,,,,,,,5 Inch,,,,,,,,,,,,,,,,,,,,,,,,,,,,,,,,,,,,,,,,,,,,,,,,,,
10-BAR-SMC-SOLENOID-VALVE,10 Bar SMC Solenoid Valve,10-bar-smc-solenoid-valve,smc-solenoid-valve,raytools,SPARE_PART,,,SS,Raytools,,,,Made in India,Laser Machine,,,,,,,,,,,,,,,,,,,,,,,,,,,,,,,,,,,,,,,,1/4 inch,,,,,,,,,,,,,,,,,,,,,,,,,,,,,,,,,,,,,,,,,,,,,,,,,,,,,,,,,,,,,,,,,,,,,,,,,,,,,,,,,,,,,,,,,,,,,,,,,,,,,,,,,,,,,,,,,,,,,,,,,,,,,,,,,,,,,,,,,,,,,,,,,,,,,,,,,,,,,,,,,,,,,
30-BAR-SMC-PROPORTIONAL-VALVE,30 Bar SMC Proportional Valve,30-bar-smc-proportional-valve,smc-solenoid-valve,raytools,SPARE_PART,,,SMC Proportional Valve - 30bar,Raytools,,,,Made in India,,,,,,,,,,,,,,,,,,,,,,,,,,,,,,,,,,,,,,,,,1/4 inch,,,,,,,,,,,,,,,,,,,,,,,,,,,,,,,,,,,,,,,,,,,,,,,,,,,,,,,,,,,,,,,,,,,,,,,,,,,,,,,,,,,,,,,,,,,,,,,,,,,,,,,,,,,,,,,,,,,,SMC Proportional Valve - 30bar,,,,,,,,,,,,,,,,,,,,,,,,,,,,,,,,,,,,,,,,,,,,,,,,,
POLYESTER-SWAB-GESTRICT,Polyester Swab Gestrict,polyester-swab-gestrict,swab-gestrict,,SPARE_PART,We can provide Polyester swab gestrict at a very economical rate all across india for laser cutting machines,We can provide Polyester swab gestrict at a very economical rate all across india for laser cutting machines,Plastic,,,Fiber Laser,White,,,,,,,,,,,Box,5000 mm/s,,,,,,,,,,,,,,,,,,,,,,,,Cables,,,,,,,,,,,,,,,,,,,,,,,,,,,,,,,,,,,,,,,,,,,,,,,,,,,,,,,,,,,,,,,,,,,,,,,,,,,,,,,,,,,,,,,,,,,,,,,,,,,,,,,,,,,,,,,,,,,,,,,,,,,100,,,,,,,,,,,,,,,,,,,,,,,,,,,,,,,,,,,,,,,,,,,,,,,,
PU-TIMING-BELT,Pu Timing Belt,pu-timing-belt,timing-belt,montflex,SPARE_PART,"We can deliver the 5 axis laser cutting door belt for laser cutting machineA PU (Polyurethane) Timing Belt is a durable, toothed belt made from thermoplastic polyurethane, reinforced with steel or Kevlar cords, used for precise power transmission, synchronization, and conveying in machinery where slip is unacceptable, offering excellent abrasion/oil resistance and clean operation for applications like robotics, packaging, and automotive systems.","We can deliver the 5 axis laser cutting door belt for laser cutting machineA PU (Polyurethane) Timing Belt is a durable, toothed belt made from thermoplastic polyurethane, reinforced with steel or Kevlar cords, used for precise power transmission, synchronization, and conveying in machinery where slip is unacceptable, offering excellent abrasion/oil resistance and clean operation for applications like robotics, packaging, and automotive systems.",PU,montflex,Power Transmission,,White,,,,,,,,,,,,,,1/2'',,,,,,,5mm,,,,,,,,,,,,,,,,,,,,,,,,,,,,,,,,,,,,,,,,,,,,,,,,,,,,,,,,,,,,,,,,,,,,,,,,,,,,,,,,,,,,,,,,,,,,,,,,,,,,,,,,,,,,,,,,,,,,,,,,,,,,,,,,,,,,,,,,,,,XH Type,door belt conveyor,1''-50'',,,,,,,,,,,,,,,,,,,,,,,,,,,,,,,,,,,,,,,,,,,,,
OPHIR-LASER-LENSES,Ophir Laser Lenses,ophir-laser-lenses,trumpf-lenses,,SPARE_PART,,,Glass,,To Focus All The Beam's Power Into A Very Small Spot,,Yellow,,,,,Trumpf Lenses,,Round,,,,,,,,,,,,,,2mm,,,,,,,,,,,,,,,,,,,,,,,,,,,,,,,,,,,,,,,,,,,,,,,,,,,,,,,,,,,,,,,,,,,,,,,,,,,,,,,,,,,,,,,,,,,,,,,,,,,,,,,,,,,,,,,,,,,,,,,,,,,,,,,,,,,,,,,,,,,,,,,,,,,,,,,,,,,,,,,,,,,,,,,,,,,,,,,,,,,,,,,,,,
CO2-LASER-MACHINE-LENS,Co2 Laser Machine Lens,co2-laser-machine-lens,machine-lens,,SPARE_PART,,,Glass,,To Focus All The Beam's Power Into A Very Small Spot,,Yellow,,,,,,,Round,,,,,,,,,,,,,,2 mm,,,,,,,,,,,,,,,,,,,,,,,,,,,,,,,,,,,,,,,,,,,,,,,,,,,,,,,Lens,,,,,,,,,,,,,,,,,,,,,,,,,,,,,,,,,,,,,,,,,,,,,,,,,,,,,,,,,,,,,,,,,,,,,,,,,,,,,,,,,,,,,,,,,,,,,,,,,,,,,,,,,,,,,,,,,,,,,,,,,,,,,,,,,,,
FIBER-LASER-WELDING-GOGGLES,Fiber Laser Welding Goggles,fiber-laser-welding-goggles,new-items,,SPARE_PART,,,Plastic,,Fiber Laser Welding Goggles,,,Made in India,,,,,,,,,,,,,,,,,,,,,,,,,,,,,,,,,,,,,,,,,,,,,,,,,,,,,,,,,,,,,,,,,Plastic,,,,,,,,,,,,,,,,,Unisex,,,,,,,,,,,,,,,,,,,,,,,,,,,,,,,,,,,,,,,,,,,,,,,,,,,,,,,,,,,,,,,,,,,,,,,,,,,,,,,,Yes,,,,,,,,,,,,,,,,,,,,,,,,,,,,,,,,,,,,,,,,,,,,
LASER-LENSE-CLEANING-SWABS,laser lense Cleaning Swabs,laser-lense-cleaning-swabs,new-items,raytools,SPARE_PART,,,Ceramic,Raytools,,,,,Lens & Optics,,,,,,,,,,,,,,,,,,,,,,,,,,,,6 kw,,,,,,,,,,,,,,,,,,,,,,,,,12 V,,,,,,,,,,,,,,,,,,20 kHz,-10 - 40 degree c,,,,,,,,,,,Cotton,127 mm (5 in),Polypropylene,,,,,,,,,,,,,,,,,,,,,,,,,,,,,,,,,,,,,,,,,,,,,,,,,,,,,,,,,,,,,,,,,,,,,,,,,,,,,Pointed,Non-Sterile,,,,,,,,,,,,,,,,,,,,,,,,,,,,,,,,,,,,,,,,,,
LENSE-CLEANING-COTTON-SWABS-FOR-LASER-MACHINE,Lense Cleaning Cotton Swabs For Laser Machine,lense-cleaning-cotton-swabs-for-laser-machine,new-items,,SPARE_PART,,,,,Lense Cleaning Cotton Swabs For Laser Machine,,,Made in India,,,,,,,,,,,,,,,,,,,,,,,,,,,,,,,,,,,,,,,,,,,,,,,,,,,,,,,,,,,,,,,,,,,,,,,,,,,,,,,,,,,,Polyester,127 mm (5 in),COTTON,,,,,,,,,,,,,,,,,,,,,,,,,,,,,,,,,,,,,,,,,,,,,,,,,,,,,,,,,,,,,,,,,,,,,,,,,,,,,,,Cotton,,,,,,,,,,,,,,,,,,,,,,,,,,,,,,,,,,,,,,,,,
MAX-QBH-I-12-8X19-7-1-5KW,MAX QBH I 12.8x19.7 (1.5kw),max-qbh-i-12-8x19-7-1-5kw,new-items,,SPARE_PART,,,,,,CW Fiber Laser,,,,,,,,,,,,,,,,,,,,,,,,,,,,,,,,,,,,,,,,,,,,,,,,,,,,,,,,,,,,,,,,,,,,,,,,,,,,,,,,,,,,,,,,,10 W,,,,,,,,,,,,,,,,,,,,,,,,,,,,,,,,,,,,,,,,,,,,,,,,,,,,,,,,,,,,,,,,,,,,,,,,,,,,,,,Raytools,1064 nm,"CW, Digital Modulation",,,,,,,,,,,,,,,,,,,,,,,,,,,,,,,,,,,,,,
CYPCUT-2000C-CONTROL-CARD,Cypcut 2000c Control Card,cypcut-2000c-control-card,new-items,,SPARE_PART,,,,,,,,,,,,,,,,,,,,,,,,,,,,,,,,,,,,,,,,,,,,,,,,,,Panel Mount,,,,,,,,,,,,,,,,,,,,,,,,,,,,,,,,,,,,,,,,,,,,,,,,,,,,,,,,,,,,,,,,,,,,,,,,,,,,,,,,,,,,,,,,,,,,,,,,,,,,,,,,,,,,,,,,,,,,,,,,,,,,,,,12 V DC,5 A,PWM Control,No Feedback,0 to 5 V,Over Current,Dynamic Brake,,,,,,,,,,,,,,,,,,,,,,,,,,,,,,,
SMC-PROPORTIONAL-VALVE-10BAR,SMC Proportional Valve - 10bar,smc-proportional-valve-10bar,new-items,,SPARE_PART,,,SMC Proportional Valve - 10bar,,Hydraulic,,,Made in India,,,,,,,,,,,,,10bar,,,,,,,,,,,,,,,,,,,,,,,,,,,,1/4 inch,,,,,,,,,,,,,,,,,,,,,,,,,,,,,,,,,,,,,,,,,,,,,,,,,,,,,,,,,,,,,,,,,,,,,,,,,,,,,,,,,,,,,,,,,,,,,,,,,,,,,,,,,,,,,,,,,,,,,,,,,,,,,,,,,,,,,,,Raytools,,,,,,,,,,,,,,,,,,,,,,,,,,,,,,
RF-CABLE-OR-SENSOR-CABLE-CONNECTOR-COPPER,RF Cable or Sensor Cable Connector (Copper),rf-cable-or-sensor-cable-connector-copper,new-items,raytools,SPARE_PART,,,Copper,raytools,,,,,,,,,,,,,,,,,,,,,,,,,,,,,,,,,,,,,,,,,,,,,,PCB Mount,,,,,,,,,,,,,,,,,,,,,,,,,,,,,,,,,,,,,,,,,,,,,,,,,,,,,,,,,,,,,,,,,,,,,,,,,,,,,,,,,,,,,,,,,,,,,,,,,,,,,,,,,,,,,,,,,,,,,,,,,,,,,,,,,,,,,,,SMA,50 Ω,300 MHz,RF Cable or Sensor Cable Connector (Copper),Cable Mount,,,,,,,,,,,,,,,,,,,,,,,,,
CYPCUT-OEM-REMOTE-CONTROLLER,Cypcut OEM Remote Controller,cypcut-oem-remote-controller,new-items,,SPARE_PART,,,,,,CO2 Laser,,,Cutting,,,,,,,,,,,,,,,,,,,,,,,,,,,,,,,,,,,,,,,,,Panel Mount,,,,,,,,,,,,,,,,,,,,,,,,,,,,Metal,,,,,,,,,,,,,,,,,,,,,,,,,,,,,,,,,,,,,,,,,,,,,,,,,,,,,,,,,,,,,,,,,,,,,,,,,,,,,,,,,,,,,,,,,,,,,,,,,,,,,,,,,,,,,,,,Up To 60 W,Analog,230 V AC,Air Cooled,RS485,,,,,,,,,,,,,,,,,,,,
COPPER-RF-CABLE-SENSOR-CABLE-FOR-RAYTOOL,Copper RF Cable/ Sensor Cable For Raytool,copper-rf-cable-sensor-cable-for-raytool,new-items,raytools,SPARE_PART,,,,Raytools,Copper RF Cable/ Sensor Cable For Raytool,,,Made in India,,,,,,,,,,,,,,,,,,,,,,,,,,,,,,,,,,,,,,,,,,,,,,,,,,,,,,,,,,,,,,,,,,,,,,,,,,,,,,,,,,,,,,,,Aluminium,Copper,,,,,,,,,,,,,,,,,,,,,,,,,,,,,,,,,,,,,,,,,,,,,,,,,,,,,,,,,,,,,,,,,,,,,,,,,,,,,,,,,,,,,,,,,,,,,,,,,,,,,,,,,,,,,,,,,,,,,
COPPER-RF-CABLE-SENSOR-CABLE-FOR-OSPRI-WSX,Copper RF Cable/ Sensor Cable For Ospri & WSX,copper-rf-cable-sensor-cable-for-ospri-wsx,new-items,raytools,SPARE_PART,,,,Raytools,Copper RF Cable/ Sensor Cable For Ospri & WSX,,,Made in India,,,,,,,,,,,,,,,,,,,,,,,,,,,,,,,,,,,,,,,,,,,,,,,,,,,,,,,,,,,,,,,,,,,,,,,,,,,,,,,,,,,,,,,,Aluminium,Copper,,,,,,,,,,,,,,,,,,,,,,,,,,,,,,,,,,,,,,,,,,,,,,,,,,,,,,,,,,,,,,,,,,,,,,,,,,,,,,,,,,,,,,,,,,,,,,,,,,,,,,,,,,,,,,,,,,,,,
WSX-NC30-SENSOR-HEAD,WSX NC30 Sensor Head,wsx-nc30-sensor-head,new-items,precitec,SPARE_PART,,,Copper,Precitec,,Fiber Laser,,,,,,,,,,,,,,,,,,,,,,,,,,,,,,,,,,,,,,,,,,,,,,,,,,,,,,,,,,,,,,,,,,,,,,,,,,,,,,,,,,,India,,,,,,,,,,,,,,,,,,,,,,,,,,,,,,,,,,,,,,,,,,,,,,,,,,,,,,,,,,,,,,,,,,,,,,,,,,,,,,,,,,,,,,,,,,,,,,,,,,,,,,,,,,Laser Head,Up to 1 kW,Trumpf,0.8 mm,Oxygen,,,,,,,,,,,,,,,
MAX-LASER-SOURCE,MAX Laser Source,max-laser-source,new-items,max,SPARE_PART,,,,Max,,,,,Industrial use,,,,,Square,,,,,,,,,,,,,,,,,,,,,,,,,,,,,,,,,,,,,,,,,,,,,,,,,,,,,,,,,,,,,,,,,,,,,,,,,,,,,,,,,20 W,,,,,,,,,,,,,,,,,,,,,,,,,,,,,,,,,,,,,,,,,,,,,,,,,,,,,,,,,,,,,,,,,,,,,,,,,,,,,,,,,,,,,,,,,,,,,,,,,,,,,,,,,Metal,1500w,,,,,,,,,,,,,
BYSTRONIC-CNC-PRESS-BRAKE-225-TON-CNC-BENDING-SERVICES,Bystronic CNC Press Brake 225 Ton CNC Bending Services,bystronic-cnc-press-brake-225-ton-cnc-bending-services,new-items,,SPARE_PART,Working length mm: 4100 Max.,"Working length mm: 4100
Max. press force kN: 2250
Max. stroke mm: 300
Rapid approach mm/sec.: 160
Working speed mm/sec.: 1-13
Return speed mm/sec: 170
Weight kg: 16,500
ByVision 22″ Full HD 3D touchscreen display
2 Axis controlled backgauge plus manual Z
Electrical Values
Power of main motor kW: 22
Total connected load kW: 35
Operating voltage V: 480 TN
Frequency HZ: 3-60
Control voltage V DC: 24
Nominal current A: 50
Equipped with:
Productive Pack-
Table T12 w/Hydraulic Lower Clamp
LED illumination front/back
Enlarged 100mm stroke
5axis backgage
Tropical Pack:
-oil cooling unit
-heat exchanger
-Additional backstop arm
-z axis manually adjusted
-Upper tool clamping
High speed pack-
-High speed y axis
AKAS 3PF safety system",Mild Steel(MS),,,,,,,,,,,,,,,,,,,,,,,,,,,,,,,,,,,,,,,,,,,,,,,,,,,,,,,,,,,,,,,,,,,,,,,,,,,,,,,,,,,,,,,,,,,,,,,,,,,,,,,,,,,,,,,,,,,,,,,,,,,,,,,,,,,,,,,,,,,,,,,,,,,,,,,,,,,,,,,,,,,,,,,,,,,,,,,,,,,,,,,,,,,,,,,,,,,,,,,18mm,4000 mm,±0.1 mm,"U Bending, Box Bending, Radius Bending, Offset Bending, V Bending",MS IS2062,"DWG, DXF, PDF","Automotive, Electrical Panel",Job Work,,,,,
OSPRI-LC808-COLLIMATION-LENS-37X100,OSPRI LC808 Collimation Lens : 37x100,ospri-lc808-collimation-lens-37x100,new-items,,SPARE_PART,,,,,,,White,,,,,,,,,,,Box,,,,,,,,,,,,,,,,,,,,,,,,,,,,,,,,E Mount,,,,,,,,,,,,,,,,,,,2 kg,,,,,,,,,,,,,,,,,,,,,,,,,,,,,,,,,,,,,,,,,,,,,,,,,,,,,,,,,,,,,,,,,,,,,,,,,,,,,,,,,,,,,,,,,,,,,,,,,,,,,,,,,,,,,,,,,,,,,,,,,,,,,,,,,,,,,,,,,,,,,f/1.8 - f/2.8,OSPRI LC808 Collimation Lens : 37x100,,,
KONTACT-IPA-SPRAY-FOR-LENS-CLEANING,Kontact IPA Spray For Lens Cleaning,kontact-ipa-spray-for-lens-cleaning,new-items,ipa,SPARE_PART,,,,IPA,,,,,,,,,,,,,Lens Cleaning Solution,Bottle,,,,,,,,,,,,,,,,,,,,,,,,,,,Cleaning and Care Solutions,,,,,,,,,,,,,,,,,,,,,,,,,,,,,,,,,,,,,,,,,,,,,,,,,,,,,,,,,,,,,,,,,,,,,,,,,,,,,,,,,,,,,,,,,,,,,,,,,,,,,,,,,,,,,,,,,,,,,,,,,,,,,,,,,,,,,,,,,,,,,,,,,,,,,,,,,,,,,,,,,,,,,,,Multipurpose Solution,Soft Lens,60 ml
