product_key,sku,part_number,variant_name,uom,pack_size,min_order_qty,stock_status,is_default,position
MAZAK-LASER-NOZZLE,REF-MAZAK-LASER-NOZZLE,REF-MAZAK-LASER-NOZZLE,Standard,PIECE,1,10,MADE_TO_ORDER,true,0
ZAP-IT-LASER-ALIGNMENT-PAPER,REF-ZAP-IT-LASER-ALIGNMENT-PAPER,REF-ZAP-IT-LASER-ALIGNMENT-PAPER,Standard,PIECE,1,1,MADE_TO_ORDER,true,0
LASER-MACHINE-BELLOW-COVER,REF-LASER-MACHINE-BELLOW-COVER,REF-LASER-MACHINE-BELLOW-COVER,Standard,PIECE,1,1,MADE_TO_ORDER,true,0
LASER-CUTTING-MACHINE-BELLOW,REF-LASER-CUTTING-MACHINE-BELLOW,REF-LASER-CUTTING-MACHINE-BELLOW,Standard,PIECE,1,1,MADE_TO_ORDER,true,0
1662197-BELLOWS-FOLDING,REF-1662197-BELLOWS-FOLDING,REF-1662197-BELLOWS-FOLDING,Standard,PIECE,1,1,MADE_TO_ORDER,true,0
PRECITEC-CERAMIC-HOLDER,REF-PRECITEC-CERAMIC-HOLDER,REF-PRECITEC-CERAMIC-HOLDER,Standard,PIECE,1,1,MADE_TO_ORDER,true,0
8MM-CERAMIC-HOLDER,REF-8MM-CERAMIC-HOLDER,REF-8MM-CERAMIC-HOLDER,Standard,PIECE,1,1,MADE_TO_ORDER,true,0
D32-RAYTOOL-CERAMIC-RING,REF-D32-RAYTOOL-CERAMIC-RING,REF-D32-RAYTOOL-CERAMIC-RING,Standard,PIECE,1,1,MADE_TO_ORDER,true,0
OSPRI-DIA-28-CERAMIC-RING,REF-OSPRI-DIA-28-CERAMIC-RING,REF-OSPRI-DIA-28-CERAMIC-RING,Standard,PIECE,1,1,MADE_TO_ORDER,true,0
BOCI-PIPE-CUTTING-TUBE-CUTTING-CERAMIC-RING,REF-BOCI-PIPE-CUTTING-TUBE-CUTTING-CERAMIC-RING,REF-BOCI-PIPE-CUTTING-TUBE-CUTTING-CERAMIC-RING,Standard,PIECE,1,100,MADE_TO_ORDER,true,0
BS12K-RAYTOOLS-CERAMIC-RING,REF-BS12K-RAYTOOLS-CERAMIC-RING,REF-BS12K-RAYTOOLS-CERAMIC-RING,Standard,PIECE,1,1,MADE_TO_ORDER,true,0
10MM-BOCI-CERAMIC-RING,REF-10MM-BOCI-CERAMIC-RING,REF-10MM-BOCI-CERAMIC-RING,Standard,PIECE,1,1,MADE_TO_ORDER,true,0
RAYTOOL-3D-CERAMIC-RING,REF-RAYTOOL-3D-CERAMIC-RING,REF-RAYTOOL-3D-CERAMIC-RING,Standard,PIECE,1,100,MADE_TO_ORDER,true,0
RAYTOOL-3D-CERAMIC-RING-2,REF-RAYTOOL-3D-CERAMIC-RING-2,REF-RAYTOOL-3D-CERAMIC-RING-2,Standard,PIECE,1,1,MADE_TO_ORDER,true,0
DIA-28-CERAMIC-RING,REF-DIA-28-CERAMIC-RING,REF-DIA-28-CERAMIC-RING,Standard,PIECE,1,1,MADE_TO_ORDER,true,0
DIA-32-CERAMIC-RING-RAYTOOLS,REF-DIA-32-CERAMIC-RING-RAYTOOLS,REF-DIA-32-CERAMIC-RING-RAYTOOLS,Standard,PIECE,1,1,MADE_TO_ORDER,true,0
21-4-RAYTOOL-3D-CERAMIC-RING,REF-21-4-RAYTOOL-3D-CERAMIC-RING,REF-21-4-RAYTOOL-3D-CERAMIC-RING,Standard,PIECE,1,1,MADE_TO_ORDER,true,0
PRECITEC-PROCUTTER-CERAMIC-RING,REF-PRECITEC-PROCUTTER-CERAMIC-RING,REF-PRECITEC-PROCUTTER-CERAMIC-RING,Standard,PIECE,1,100,MADE_TO_ORDER,true,0
I-2700-DNE-AIR-OUTLET-RING,REF-I-2700-DNE-AIR-OUTLET-RING,REF-I-2700-DNE-AIR-OUTLET-RING,Standard,PIECE,1,100,MADE_TO_ORDER,true,0
I-3502-DNE-AIR-OUTLET-RING,REF-I-3502-DNE-AIR-OUTLET-RING,REF-I-3502-DNE-AIR-OUTLET-RING,Standard,PIECE,1,1,MADE_TO_ORDER,true,0
RAYTOOLS-CERAMIC-LOCK-RING,REF-RAYTOOLS-CERAMIC-LOCK-RING,REF-RAYTOOLS-CERAMIC-LOCK-RING,Standard,PIECE,1,1,MADE_TO_ORDER,true,0
I-3502-DNE-CERAMIC-RING,REF-I-3502-DNE-CERAMIC-RING,REF-I-3502-DNE-CERAMIC-RING,Standard,PIECE,1,1,MADE_TO_ORDER,true,0
OSPRI-LC608-COLLIMATION-LENS,REF-OSPRI-LC608-COLLIMATION-LENS,REF-OSPRI-LC608-COLLIMATION-LENS,Standard,PIECE,1,1,MADE_TO_ORDER,true,0
OSPRI-LC218-COLLIMATION-LENS,REF-OSPRI-LC218-COLLIMATION-LENS,REF-OSPRI-LC218-COLLIMATION-LENS,Standard,PIECE,1,1,MADE_TO_ORDER,true,0
LASER-LENS-CLEANING-STICK,REF-LASER-LENS-CLEANING-STICK,REF-LASER-LENS-CLEANING-STICK,Standard,PIECE,1,1,MADE_TO_ORDER,true,0
DNE-COPPER-RING,REF-DNE-COPPER-RING,REF-DNE-COPPER-RING,Standard,PIECE,1,1,MADE_TO_ORDER,true,0
COTTON-SWAB-LARGE-L-121MM,REF-COTTON-SWAB-LARGE-L-121MM,REF-COTTON-SWAB-LARGE-L-121MM,Standard,PIECE,1,1,MADE_TO_ORDER,true,0
COTTON-SWAB-SMALL-L-70-MM,REF-COTTON-SWAB-SMALL-L-70-MM,REF-COTTON-SWAB-SMALL-L-70-MM,Standard,PIECE,1,1,MADE_TO_ORDER,true,0
COTTON-SWAB-MEDIUM-L-100MM,REF-COTTON-SWAB-MEDIUM-L-100MM,REF-COTTON-SWAB-MEDIUM-L-100MM,Standard,PIECE,1,1,MADE_TO_ORDER,true,0
RAYTOOLS-FIBER-LASER-CUTTING-HEAD,REF-RAYTOOLS-FIBER-LASER-CUTTING-HEAD,REF-RAYTOOLS-FIBER-LASER-CUTTING-HEAD,Standard,PIECE,1,1,MADE_TO_ORDER,true,0
BOCI-BLT421S-CUTTING-HEAD,REF-BOCI-BLT421S-CUTTING-HEAD,REF-BOCI-BLT421S-CUTTING-HEAD,Standard,PIECE,1,1,MADE_TO_ORDER,true,0
RAYTOOLS-BM111-CUTTING-HEAD,REF-RAYTOOLS-BM111-CUTTING-HEAD,REF-RAYTOOLS-BM111-CUTTING-HEAD,Standard,PIECE,1,1,MADE_TO_ORDER,true,0
RAYTOOLS-BM109-CUTTING-HEAD,REF-RAYTOOLS-BM109-CUTTING-HEAD,REF-RAYTOOLS-BM109-CUTTING-HEAD,Standard,PIECE,1,1,MADE_TO_ORDER,true,0
BOCI-BLT310-LASER-PROCESS-CUTTING-HEAD,REF-BOCI-BLT310-LASER-PROCESS-CUTTING-HEAD,REF-BOCI-BLT310-LASER-PROCESS-CUTTING-HEAD,Standard,PIECE,1,1,MADE_TO_ORDER,true,0
RAYTOOLS-BM110-CUTTING-HEAD,REF-RAYTOOLS-BM110-CUTTING-HEAD,REF-RAYTOOLS-BM110-CUTTING-HEAD,Standard,PIECE,1,1,MADE_TO_ORDER,true,0
RAYTOOLS-BM114-CUTTING-HEAD,REF-RAYTOOLS-BM114-CUTTING-HEAD,REF-RAYTOOLS-BM114-CUTTING-HEAD,Standard,PIECE,1,1,MADE_TO_ORDER,true,0
RAYTOOLS-BM06K-CUTTING-HEAD,REF-RAYTOOLS-BM06K-CUTTING-HEAD,REF-RAYTOOLS-BM06K-CUTTING-HEAD,Standard,PIECE,1,1,MADE_TO_ORDER,true,0
RF-POWER-TRIODE,REF-RF-POWER-TRIODE,REF-RF-POWER-TRIODE,Standard,PIECE,1,1,MADE_TO_ORDER,true,0
FESTO-AIR-FILTER,REF-FESTO-AIR-FILTER,REF-FESTO-AIR-FILTER,Standard,PIECE,1,1,MADE_TO_ORDER,true,0
FIBER-LASER-PROTECTIVE-WINDOW,REF-FIBER-LASER-PROTECTIVE-WINDOW,REF-FIBER-LASER-PROTECTIVE-WINDOW,Standard,PIECE,1,10,MADE_TO_ORDER,true,0
LASER-PROTECTION-WINDOW,REF-LASER-PROTECTION-WINDOW,REF-LASER-PROTECTION-WINDOW,Standard,PIECE,1,1,MADE_TO_ORDER,true,0
RAYTOOLS-FOCUS-COLLIMATOR-LENS-FOCUS-LENSES,REF-RAYTOOLS-FOCUS-COLLIMATOR-LENS-FOCUS-LENSES,REF-RAYTOOLS-FOCUS-COLLIMATOR-LENS-FOCUS-LENSES,Standard,PIECE,1,1,MADE_TO_ORDER,true,0
RAYTOOLS-ORIGINAL-COLLIMATOR-FOCUS-LENSES,REF-RAYTOOLS-ORIGINAL-COLLIMATOR-FOCUS-LENSES,REF-RAYTOOLS-ORIGINAL-COLLIMATOR-FOCUS-LENSES,Standard,PIECE,1,1,MADE_TO_ORDER,true,0
RAYTOOL-BM110-FUSED-SILICA-FOCUS-LENSES,REF-RAYTOOL-BM110-FUSED-SILICA-FOCUS-LENSES,REF-RAYTOOL-BM110-FUSED-SILICA-FOCUS-LENSES,Standard,PIECE,1,1,MADE_TO_ORDER,true,0
RAYTOOL-BM109-FUSED-SILICA-FOCUS-LENSES,REF-RAYTOOL-BM109-FUSED-SILICA-FOCUS-LENSES,REF-RAYTOOL-BM109-FUSED-SILICA-FOCUS-LENSES,Standard,PIECE,1,1,MADE_TO_ORDER,true,0
RAYTOOL-BM111-FOCUS-LENSES,REF-RAYTOOL-BM111-FOCUS-LENSES,REF-RAYTOOL-BM111-FOCUS-LENSES,Standard,PIECE,1,1,MADE_TO_ORDER,true,0
RAYTOOL-BM114-FUSED-SILICA-FOCUS-LENSES,REF-RAYTOOL-BM114-FUSED-SILICA-FOCUS-LENSES,REF-RAYTOOL-BM114-FUSED-SILICA-FOCUS-LENSES,Standard,PIECE,1,1,MADE_TO_ORDER,true,0
WSX-NC30-COLLIMATING-FOCUS-LENSES,REF-WSX-NC30-COLLIMATING-FOCUS-LENSES,REF-WSX-NC30-COLLIMATING-FOCUS-LENSES,Standard,PIECE,1,1,MADE_TO_ORDER,true,0
WSX-NC63-COLLIMATION-FOCUS-LENSES,REF-WSX-NC63-COLLIMATION-FOCUS-LENSES,REF-WSX-NC63-COLLIMATION-FOCUS-LENSES,Standard,PIECE,1,1,MADE_TO_ORDER,true,0
RAYTOOLS-ORIGINAL-BM110-FOCUS-LENSES,REF-RAYTOOLS-ORIGINAL-BM110-FOCUS-LENSES,REF-RAYTOOLS-ORIGINAL-BM110-FOCUS-LENSES,Standard,PIECE,1,1,MADE_TO_ORDER,true,0
BOCI-BLT-310-COLLIMATING-FOCUS-LENSES,REF-BOCI-BLT-310-COLLIMATING-FOCUS-LENSES,REF-BOCI-BLT-310-COLLIMATING-FOCUS-LENSES,Standard,PIECE,1,1,MADE_TO_ORDER,true,0
RAYTOOLS-ORIGINAL-BM111-FOCUSING-COLLIMATING-FOCUS-LENSES,REF-RAYTOOLS-ORIGINAL-BM111-FOCUSING-COLLIMATING-FOC,REF-RAYTOOLS-ORIGINAL-BM111-FOCUSING-COLLIMATING-FOC,Standard,PIECE,1,1,MADE_TO_ORDER,true,0
CO2-LASER-FOCUS-LENSES,REF-CO2-LASER-FOCUS-LENSES,REF-CO2-LASER-FOCUS-LENSES,Standard,PIECE,1,1,MADE_TO_ORDER,true,0
OSPRI-LC808-FOCUS-LENSES,REF-OSPRI-LC808-FOCUS-LENSES,REF-OSPRI-LC808-FOCUS-LENSES,Standard,PIECE,1,1,MADE_TO_ORDER,true,0
RAYTOOL-BM115-PLANO-FOCUS-LENSES,REF-RAYTOOL-BM115-PLANO-FOCUS-LENSES,REF-RAYTOOL-BM115-PLANO-FOCUS-LENSES,Standard,PIECE,1,1,MADE_TO_ORDER,true,0
BODOR-LASER-FOCUS-LENS,REF-BODOR-LASER-FOCUS-LENS,REF-BODOR-LASER-FOCUS-LENS,Standard,PIECE,1,1,MADE_TO_ORDER,true,0
AMADA-LASER-CUTTING-NOZZLE,REF-AMADA-LASER-CUTTING-NOZZLE,REF-AMADA-LASER-CUTTING-NOZZLE,Standard,PIECE,1,1,MADE_TO_ORDER,true,0
MAZAK-3D-LASER-HEAD-ASSEMBLY-PARTS,REF-MAZAK-3D-LASER-HEAD-ASSEMBLY-PARTS,REF-MAZAK-3D-LASER-HEAD-ASSEMBLY-PARTS,Standard,PIECE,1,10,MADE_TO_ORDER,true,0
I-3501-DNE-INSULATION-RING,REF-I-3501-DNE-INSULATION-RING,REF-I-3501-DNE-INSULATION-RING,Standard,PIECE,1,1,MADE_TO_ORDER,true,0
I-2500-DNE-INSULATION-RING,REF-I-2500-DNE-INSULATION-RING,REF-I-2500-DNE-INSULATION-RING,Standard,PIECE,1,1,MADE_TO_ORDER,true,0
I-2700-DNE-INSULATION-RING,REF-I-2700-DNE-INSULATION-RING,REF-I-2700-DNE-INSULATION-RING,Standard,PIECE,1,1,MADE_TO_ORDER,true,0
I-0502-DNE-INSULATION-RING,REF-I-0502-DNE-INSULATION-RING,REF-I-0502-DNE-INSULATION-RING,Standard,PIECE,1,1,MADE_TO_ORDER,true,0
RAYTOOLS-LASER-CUTTING-HEAD,REF-RAYTOOLS-LASER-CUTTING-HEAD,Trumpf Laser cutting Machine,Standard,PIECE,1,1,MADE_TO_ORDER,true,0
IPG-QBH-I-12X13-4KW-FIBER-LASER-CUTTING-MACHINE,REF-IPG-QBH-I-12X13-4KW-FIBER-LASER-CUTTING-MACHINE,REF-IPG-QBH-I-12X13-4KW-FIBER-LASER-CUTTING-MACHINE,Standard,PIECE,1,1,MADE_TO_ORDER,true,0
OPHIR-CO2-LASER-MACHINE-LENS,REF-OPHIR-CO2-LASER-MACHINE-LENS,REF-OPHIR-CO2-LASER-MACHINE-LENS,Standard,PIECE,1,1,MADE_TO_ORDER,true,0
AMADA-LASER-CUTTING-NOZZLE-2,REF-AMADA-LASER-CUTTING-NOZZLE-2,REF-AMADA-LASER-CUTTING-NOZZLE-2,Standard,PIECE,1,1,MADE_TO_ORDER,true,0
2D-LASER-CUTTING-SERVICES,REF-2D-LASER-CUTTING-SERVICES,REF-2D-LASER-CUTTING-SERVICES,Standard,PIECE,1,1,MADE_TO_ORDER,true,0
TUBE-LASER-CUTTING-SERVICES,REF-TUBE-LASER-CUTTING-SERVICES,REF-TUBE-LASER-CUTTING-SERVICES,Standard,PIECE,1,1,MADE_TO_ORDER,true,0
3D-5-AXIS-LASER-CUTTING-SERVICES,REF-3D-5-AXIS-LASER-CUTTING-SERVICES,REF-3D-5-AXIS-LASER-CUTTING-SERVICES,Standard,PIECE,1,1,MADE_TO_ORDER,true,0
LASER-EQUIPMENT-PARTS,REF-LASER-EQUIPMENT-PARTS,REF-LASER-EQUIPMENT-PARTS,Standard,PIECE,1,1,MADE_TO_ORDER,true,0
CP-10-FILTER-FOR-CHILLER-UNIT,REF-CP-10-FILTER-FOR-CHILLER-UNIT,Trulaser Cell 7040/7020/5030,Standard,PIECE,1,10,MADE_TO_ORDER,true,0
RAYTOOL-BM06K-PLANO-LASER-LENS,REF-RAYTOOL-BM06K-PLANO-LASER-LENS,REF-RAYTOOL-BM06K-PLANO-LASER-LENS,Standard,PIECE,1,1,MADE_TO_ORDER,true,0
OPHIR-MAZAK-CO2-LASER-LENSE,REF-OPHIR-MAZAK-CO2-LASER-LENSE,REF-OPHIR-MAZAK-CO2-LASER-LENSE,Standard,PIECE,1,1,MADE_TO_ORDER,true,0
355NM-FUSED-SILICA-LASER-LENSE,REF-355NM-FUSED-SILICA-LASER-LENSE,REF-355NM-FUSED-SILICA-LASER-LENSE,Standard,PIECE,1,1,MADE_TO_ORDER,true,0
400MM-RAYCUS-LASER-LENSE,REF-400MM-RAYCUS-LASER-LENSE,REF-400MM-RAYCUS-LASER-LENSE,Standard,PIECE,1,1,MADE_TO_ORDER,true,0
LASER-MACHINE-MIRRORS,REF-LASER-MACHINE-MIRRORS,REF-LASER-MACHINE-MIRRORS,Standard,PIECE,1,1,MADE_TO_ORDER,true,0
DOUBLE-LAYERS-RAYTOOLS-LASER-NOZZLE,REF-DOUBLE-LAYERS-RAYTOOLS-LASER-NOZZLE,REF-DOUBLE-LAYERS-RAYTOOLS-LASER-NOZZLE,Standard,PIECE,1,10,MADE_TO_ORDER,true,0
RAYTOOLS-LASER-HEAD-PROTECTION-LENS,REF-RAYTOOLS-LASER-HEAD-PROTECTION-LENS,REF-RAYTOOLS-LASER-HEAD-PROTECTION-LENS,Standard,PIECE,1,10,MADE_TO_ORDER,true,0
HYCO-VACUUM-PUMP,REF-HYCO-VACUUM-PUMP,Hyco Vacuum Pump,Standard,PIECE,1,1,MADE_TO_ORDER,true,0
1MM-CO2-LASER-MIRROR,REF-1MM-CO2-LASER-MIRROR,REF-1MM-CO2-LASER-MIRROR,Standard,PIECE,1,10,MADE_TO_ORDER,true,0
OPHIR-CO2-LASER-LENS,REF-OPHIR-CO2-LASER-LENS,REF-OPHIR-CO2-LASER-LENS,Standard,PIECE,1,10,MADE_TO_ORDER,true,0
SINGLE-LAYER-BODOR-LASER-NOZZLE,REF-SINGLE-LAYER-BODOR-LASER-NOZZLE,BODOR NOZZLE,Standard,PIECE,1,10,MADE_TO_ORDER,true,0
PRECITEC-LASER-NOZZLE,REF-PRECITEC-LASER-NOZZLE,Precitec Laser Nozzle,Standard,PIECE,1,10,MADE_TO_ORDER,true,0
PRECITEC-LASER-NOZZLE-2,REF-PRECITEC-LASER-NOZZLE-2,REF-PRECITEC-LASER-NOZZLE-2,Standard,PIECE,1,10,MADE_TO_ORDER,true,0
CHROME-PLATED-LASER-NOZZLE,REF-CHROME-PLATED-LASER-NOZZLE,REF-CHROME-PLATED-LASER-NOZZLE,Standard,PIECE,1,10,MADE_TO_ORDER,true,0
PRECITEC-LASER-NOZZLE-3,REF-PRECITEC-LASER-NOZZLE-3,REF-PRECITEC-LASER-NOZZLE-3,Standard,PIECE,1,10,MADE_TO_ORDER,true,0
26MM-OSPIRI-LASER-NOZZLE,REF-26MM-OSPIRI-LASER-NOZZLE,REF-26MM-OSPIRI-LASER-NOZZLE,Standard,PIECE,1,10,MADE_TO_ORDER,true,0
LASER-CERAMIC-NOZZLE,REF-LASER-CERAMIC-NOZZLE,Ceramic EBG/EBF Laser Nozzle,Standard,PIECE,1,1,MADE_TO_ORDER,true,0
FIBER-OPTIC-SENSOR-CABLE,REF-FIBER-OPTIC-SENSOR-CABLE,WSX/Ospri Sensor Cable,Standard,PIECE,1,1,MADE_TO_ORDER,true,0
FIBER-LASER-CUTTING-MACHINE-NOZZLE,REF-FIBER-LASER-CUTTING-MACHINE-NOZZLE,EBD Laser Nozzle,Standard,PIECE,1,1,MADE_TO_ORDER,true,0
DOUBLE-LAYERS-RAYTOOLS-LASER-NOZZLE-2,REF-DOUBLE-LAYERS-RAYTOOLS-LASER-NOZZLE-2,Raytools 32 dia double nozzle,Standard,PIECE,1,1,MADE_TO_ORDER,true,0
LASER-WELDING-NOZZLE,REF-LASER-WELDING-NOZZLE,REF-LASER-WELDING-NOZZLE,Standard,PIECE,1,10,MADE_TO_ORDER,true,0
RAYTOOL-LASER-CUTTING-NOZZLE,REF-RAYTOOL-LASER-CUTTING-NOZZLE,REF-RAYTOOL-LASER-CUTTING-NOZZLE,Standard,PIECE,1,1,MADE_TO_ORDER,true,0
RAYTOOLS-SENSOR-HEAD-TRA-NOZZLE-ASSEMBLY,REF-RAYTOOLS-SENSOR-HEAD-TRA-NOZZLE-ASSEMBLY,REF-RAYTOOLS-SENSOR-HEAD-TRA-NOZZLE-ASSEMBLY,Standard,PIECE,1,1,MADE_TO_ORDER,true,0
BULLET-NOZZLE-CONNECTOR-I-M14,REF-BULLET-NOZZLE-CONNECTOR-I-M14,REF-BULLET-NOZZLE-CONNECTOR-I-M14,Standard,PIECE,1,1,MADE_TO_ORDER,true,0
FIBER-LASER-HIGH-SPEED-NOZZLE,REF-FIBER-LASER-HIGH-SPEED-NOZZLE,REF-FIBER-LASER-HIGH-SPEED-NOZZLE,Standard,PIECE,1,1,MADE_TO_ORDER,true,0
DNE-SMALL-NOZZLE,REF-DNE-SMALL-NOZZLE,REF-DNE-SMALL-NOZZLE,Standard,PIECE,1,1,MADE_TO_ORDER,true,0
WSX-PRECITEC-NOZZLE-DIA-28,REF-WSX-PRECITEC-NOZZLE-DIA-28,REF-WSX-PRECITEC-NOZZLE-DIA-28,Standard,PIECE,1,1,MADE_TO_ORDER,true,0
RAYTOOL-CUTTING-NOZZLE-DIA-32,REF-RAYTOOL-CUTTING-NOZZLE-DIA-32,REF-RAYTOOL-CUTTING-NOZZLE-DIA-32,Standard,PIECE,1,1,MADE_TO_ORDER,true,0
D28-FAST-SINGLE-LAYER-NOZZLE,REF-D28-FAST-SINGLE-LAYER-NOZZLE,REF-D28-FAST-SINGLE-LAYER-NOZZLE,Standard,PIECE,1,10,MADE_TO_ORDER,true,0
RAYTOOLS-NOZZLE-HOLDER,REF-RAYTOOLS-NOZZLE-HOLDER,REF-RAYTOOLS-NOZZLE-HOLDER,Standard,PIECE,1,1,MADE_TO_ORDER,true,0
LASER-SAFETY-GOGGLES,REF-LASER-SAFETY-GOGGLES,REF-LASER-SAFETY-GOGGLES,Standard,PIECE,1,1,MADE_TO_ORDER,true,0
IPA-SPRAY-FOR-LASER-CUTTING-MACHINE,REF-IPA-SPRAY-FOR-LASER-CUTTING-MACHINE,REF-IPA-SPRAY-FOR-LASER-CUTTING-MACHINE,Standard,LITRE,1,1,MADE_TO_ORDER,true,0
PROPANOL-LENS-CLEANER,REF-PROPANOL-LENS-CLEANER,Propanol lens Cleaner,Standard,PACK,1,100,MADE_TO_ORDER,true,0
TIFFIN-LENS-CLEANING-PAPER,REF-TIFFIN-LENS-CLEANING-PAPER,REF-TIFFIN-LENS-CLEANING-PAPER,Standard,PACK,1,10,MADE_TO_ORDER,true,0
TIFFEN-LENS-CLEANING-PAPER,REF-TIFFEN-LENS-CLEANING-PAPER,EK1546027T2,Standard,PIECE,1,1,MADE_TO_ORDER,true,0
LENS-CLEANING-PAPER-TIFFEN,REF-LENS-CLEANING-PAPER-TIFFEN,REF-LENS-CLEANING-PAPER-TIFFEN,Standard,PIECE,1,1,MADE_TO_ORDER,true,0
OPTICAL-LENS-CLEANER,REF-OPTICAL-LENS-CLEANER,REF-OPTICAL-LENS-CLEANER,Standard,PIECE,1,10,MADE_TO_ORDER,true,0
CERAMIC-NOZZLE-HOLDER,REF-CERAMIC-NOZZLE-HOLDER,REF-CERAMIC-NOZZLE-HOLDER,Standard,PIECE,1,10,MADE_TO_ORDER,true,0
CERAMIC-NOZZLE-HOLDER-2,REF-CERAMIC-NOZZLE-HOLDER-2,REF-CERAMIC-NOZZLE-HOLDER-2,Standard,PIECE,1,10,MADE_TO_ORDER,true,0
BODOR-D32-DOUBLE-LAYER-NOZZLE,REF-BODOR-D32-DOUBLE-LAYER-NOZZLE,REF-BODOR-D32-DOUBLE-LAYER-NOZZLE,Standard,PIECE,1,10,MADE_TO_ORDER,true,0
CONVEX-LENS-FOR-LASER,REF-CONVEX-LENS-FOR-LASER,REF-CONVEX-LENS-FOR-LASER,Standard,PIECE,1,1,MADE_TO_ORDER,true,0
PLASMA-CUTTING-MACHINE-NOZZLE,REF-PLASMA-CUTTING-MACHINE-NOZZLE,CB150 ELECTRODE NOZZLE PR0034 PD0026,Standard,PIECE,1,1,MADE_TO_ORDER,true,0
AIR-FILTER-DONALDSON,REF-AIR-FILTER-DONALDSON,X009745,Standard,PIECE,1,10,MADE_TO_ORDER,true,0
FESTO-PNEUMATIC-AIR-FILTERS-FOR-LASER-CUTTING-MACHINE,REF-FESTO-PNEUMATIC-AIR-FILTERS-FOR-LASER-CUTTING-MA,REF-FESTO-PNEUMATIC-AIR-FILTERS-FOR-LASER-CUTTING-MA,Standard,PIECE,1,10,MADE_TO_ORDER,true,0
MAZAK-LASER-CONSUMABLES,REF-MAZAK-LASER-CONSUMABLES,REF-MAZAK-LASER-CONSUMABLES,Standard,PIECE,1,10,MADE_TO_ORDER,true,0
32X2-PROTECTIVE-LENS,REF-32X2-PROTECTIVE-LENS,REF-32X2-PROTECTIVE-LENS,Standard,PIECE,1,1,MADE_TO_ORDER,true,0
RAYTOOLS-ORIGINAL-PROTECTIVE-LENS,REF-RAYTOOLS-ORIGINAL-PROTECTIVE-LENS,REF-RAYTOOLS-ORIGINAL-PROTECTIVE-LENS,Standard,PIECE,1,1,MADE_TO_ORDER,true,0
FIBER-PROTECTIVE-LENS,REF-FIBER-PROTECTIVE-LENS,REF-FIBER-PROTECTIVE-LENS,Standard,PIECE,1,1,MADE_TO_ORDER,true,0
RAYTOOL-PROTECTIVE-LENS,REF-RAYTOOL-PROTECTIVE-LENS,REF-RAYTOOL-PROTECTIVE-LENS,Standard,PIECE,1,1,MADE_TO_ORDER,true,0
WEIHONG-REMOTE-CONTROLLER,REF-WEIHONG-REMOTE-CONTROLLER,REF-WEIHONG-REMOTE-CONTROLLER,Standard,PIECE,1,1,MADE_TO_ORDER,true,0
CYPCUT-REMOTE-CONTROLLER,REF-CYPCUT-REMOTE-CONTROLLER,REF-CYPCUT-REMOTE-CONTROLLER,Standard,PIECE,1,1,MADE_TO_ORDER,true,0
6000MM-S-RAYTOOL-REMOTE-CONTROLLER,REF-6000MM-S-RAYTOOL-REMOTE-CONTROLLER,REF-6000MM-S-RAYTOOL-REMOTE-CONTROLLER,Standard,PIECE,1,1,MADE_TO_ORDER,true,0
RAYTOOLS-WEIHONG-REMOTE-CONTROLLER,REF-RAYTOOLS-WEIHONG-REMOTE-CONTROLLER,REF-RAYTOOLS-WEIHONG-REMOTE-CONTROLLER,Standard,PIECE,1,1,MADE_TO_ORDER,true,0
BODOR-REMOTE-CONTROLLER,REF-BODOR-REMOTE-CONTROLLER,REF-BODOR-REMOTE-CONTROLLER,Standard,PIECE,1,1,MADE_TO_ORDER,true,0
ROUND-RUBBER-BELLOWS,REF-ROUND-RUBBER-BELLOWS,REF-ROUND-RUBBER-BELLOWS,Standard,PIECE,1,1,MADE_TO_ORDER,true,0
BELLOW-FLEXIBLE-COUPLING,REF-BELLOW-FLEXIBLE-COUPLING,REF-BELLOW-FLEXIBLE-COUPLING,Standard,PIECE,1,1,MADE_TO_ORDER,true,0
WSX-NC63-SENSOR-HEAD,REF-WSX-NC63-SENSOR-HEAD,REF-WSX-NC63-SENSOR-HEAD,Standard,PIECE,1,1,MADE_TO_ORDER,true,0
30-BAR-SMC-SOLENOID-VALVE,REF-30-BAR-SMC-SOLENOID-VALVE,REF-30-BAR-SMC-SOLENOID-VALVE,Standard,PIECE,1,100,MADE_TO_ORDER,true,0
10-BAR-SMC-SOLENOID-VALVE,REF-10-BAR-SMC-SOLENOID-VALVE,REF-10-BAR-SMC-SOLENOID-VALVE,Standard,PIECE,1,1,MADE_TO_ORDER,true,0
30-BAR-SMC-PROPORTIONAL-VALVE,REF-30-BAR-SMC-PROPORTIONAL-VALVE,REF-30-BAR-SMC-PROPORTIONAL-VALVE,Standard,PIECE,1,1,MADE_TO_ORDER,true,0
POLYESTER-SWAB-GESTRICT,REF-POLYESTER-SWAB-GESTRICT,REF-POLYESTER-SWAB-GESTRICT,Standard,PIECE,1,10,MADE_TO_ORDER,true,0
PU-TIMING-BELT,REF-PU-TIMING-BELT,REF-PU-TIMING-BELT,Standard,PIECE,1,1,MADE_TO_ORDER,true,0
OPHIR-LASER-LENSES,REF-OPHIR-LASER-LENSES,REF-OPHIR-LASER-LENSES,Standard,PIECE,1,10,MADE_TO_ORDER,true,0
CO2-LASER-MACHINE-LENS,REF-CO2-LASER-MACHINE-LENS,REF-CO2-LASER-MACHINE-LENS,Standard,PIECE,1,10,MADE_TO_ORDER,true,0
FIBER-LASER-WELDING-GOGGLES,REF-FIBER-LASER-WELDING-GOGGLES,REF-FIBER-LASER-WELDING-GOGGLES,Standard,PIECE,1,1,MADE_TO_ORDER,true,0
LASER-LENSE-CLEANING-SWABS,REF-LASER-LENSE-CLEANING-SWABS,REF-LASER-LENSE-CLEANING-SWABS,Standard,PIECE,1,1,MADE_TO_ORDER,true,0
LENSE-CLEANING-COTTON-SWABS-FOR-LASER-MACHINE,REF-LENSE-CLEANING-COTTON-SWABS-FOR-LASER-MACHINE,REF-LENSE-CLEANING-COTTON-SWABS-FOR-LASER-MACHINE,Standard,PIECE,1,1,MADE_TO_ORDER,true,0
MAX-QBH-I-12-8X19-7-1-5KW,REF-MAX-QBH-I-12-8X19-7-1-5KW,REF-MAX-QBH-I-12-8X19-7-1-5KW,Standard,PIECE,1,1,MADE_TO_ORDER,true,0
CYPCUT-2000C-CONTROL-CARD,REF-CYPCUT-2000C-CONTROL-CARD,REF-CYPCUT-2000C-CONTROL-CARD,Standard,PIECE,1,1,MADE_TO_ORDER,true,0
SMC-PROPORTIONAL-VALVE-10BAR,REF-SMC-PROPORTIONAL-VALVE-10BAR,REF-SMC-PROPORTIONAL-VALVE-10BAR,Standard,PIECE,1,1,MADE_TO_ORDER,true,0
RF-CABLE-OR-SENSOR-CABLE-CONNECTOR-COPPER,REF-RF-CABLE-OR-SENSOR-CABLE-CONNECTOR-COPPER,REF-RF-CABLE-OR-SENSOR-CABLE-CONNECTOR-COPPER,Standard,PIECE,1,1,MADE_TO_ORDER,true,0
CYPCUT-OEM-REMOTE-CONTROLLER,REF-CYPCUT-OEM-REMOTE-CONTROLLER,REF-CYPCUT-OEM-REMOTE-CONTROLLER,Standard,PIECE,1,1,MADE_TO_ORDER,true,0
COPPER-RF-CABLE-SENSOR-CABLE-FOR-RAYTOOL,REF-COPPER-RF-CABLE-SENSOR-CABLE-FOR-RAYTOOL,REF-COPPER-RF-CABLE-SENSOR-CABLE-FOR-RAYTOOL,Standard,PIECE,1,1,MADE_TO_ORDER,true,0
COPPER-RF-CABLE-SENSOR-CABLE-FOR-OSPRI-WSX,REF-COPPER-RF-CABLE-SENSOR-CABLE-FOR-OSPRI-WSX,REF-COPPER-RF-CABLE-SENSOR-CABLE-FOR-OSPRI-WSX,Standard,PIECE,1,1,MADE_TO_ORDER,true,0
WSX-NC30-SENSOR-HEAD,REF-WSX-NC30-SENSOR-HEAD,REF-WSX-NC30-SENSOR-HEAD,Standard,PIECE,1,1,MADE_TO_ORDER,true,0
MAX-LASER-SOURCE,REF-MAX-LASER-SOURCE,REF-MAX-LASER-SOURCE,Standard,PIECE,1,100,MADE_TO_ORDER,true,0
BYSTRONIC-CNC-PRESS-BRAKE-225-TON-CNC-BENDING-SERVICES,REF-BYSTRONIC-CNC-PRESS-BRAKE-225-TON-CNC-BENDING-SE,REF-BYSTRONIC-CNC-PRESS-BRAKE-225-TON-CNC-BENDING-SE,Standard,PIECE,1,1,MADE_TO_ORDER,true,0
OSPRI-LC808-COLLIMATION-LENS-37X100,REF-OSPRI-LC808-COLLIMATION-LENS-37X100,REF-OSPRI-LC808-COLLIMATION-LENS-37X100,Standard,PIECE,1,100,MADE_TO_ORDER,true,0
KONTACT-IPA-SPRAY-FOR-LENS-CLEANING,REF-KONTACT-IPA-SPRAY-FOR-LENS-CLEANING,REF-KONTACT-IPA-SPRAY-FOR-LENS-CLEANING,Standard,PIECE,1,10,MADE_TO_ORDER,true,0
